"","SubjectID","VideoID","Attention","Mediation","Raw","Delta","Theta","Alpha1","Alpha2","Beta1","Beta2","Gamma1","Gamma2","predefinedlabel","user.definedlabeln"
"6456",5,0,38,53,247,1090000,250000,36200,101000,20700,30500,31000,4640,0,0
"6457",5,0,60,77,24,1790000,185000,25200,71000,38000,66400,20900,3750,0,0
"6458",5,0,56,64,-51,1610000,1020000,99700,77200,53600,58300,13300,10900,0,0
"6459",5,0,53,56,149,1100000,85100,35400,4530,10000,8580,3540,2200,0,0
"6460",5,0,47,44,44,34300,31200,2190,3090,636,1740,1430,255,0,0
"6461",5,0,40,40,19,225000,102000,3220,20500,3490,15900,5290,668,0,0
"6462",5,0,34,53,-55,246000,115000,58900,14900,7040,5030,5460,857,0,0
"6463",5,0,43,54,145,203000,43400,3980,24200,4340,12200,6130,1560,0,0
"6464",5,0,44,64,-75,13300,23100,4120,7840,1550,2080,1420,309,0,0
"6465",5,0,41,69,133,567000,168000,37800,19100,4150,17900,7330,1790,0,0
"6466",5,0,48,70,3,307000,61500,36900,14100,4700,5340,5200,1250,0,0
"6467",5,0,40,60,-82,97900,167000,14500,11100,6450,15400,9620,1170,0,0
"6468",5,0,54,60,136,718000,40400,2440,20600,6200,14400,12700,2260,0,0
"6469",5,0,77,66,125,522000,18700,13000,12500,3780,21000,8310,1130,0,0
"6470",5,0,90,66,-260,275000,50000,49600,5800,6110,16000,7280,1520,0,0
"6471",5,0,78,66,-75,238000,174000,13900,9840,2290,6450,5050,390,0,0
"6472",5,0,78,56,210,765000,387000,36400,44800,10600,111000,51400,3750,0,0
"6473",5,0,57,50,-59,28300,18100,4350,2670,1440,2210,1700,301,0,0
"6474",5,0,56,40,65,123000,22300,354,7250,1000,4030,1880,292,0,0
"6475",5,0,60,44,33,384000,110000,10400,12100,4970,6630,5870,1540,0,0
"6476",5,0,44,48,57,139000,121000,14000,16700,9800,9420,6690,1900,0,0
"6477",5,0,48,51,-25,130000,87300,27700,19300,7090,15200,5080,1470,0,0
"6478",5,0,43,54,-20,214000,275000,40600,81800,13500,32800,12200,6370,0,0
"6479",5,0,48,56,64,45200,37300,8130,2170,742,3460,1470,372,0,0
"6480",5,0,43,61,-86,855000,419000,30100,128000,14600,22200,44400,4430,0,0
"6481",5,0,47,56,65,874000,369000,52600,64900,36700,70700,44800,4240,0,0
"6482",5,0,44,57,525,295000,92700,23400,22300,7290,12000,3680,1880,0,0
"6483",5,0,44,60,-30,449000,84100,3620,25200,9840,7720,5270,1040,0,0
"6484",5,0,54,61,-121,110000,78800,21600,17100,7610,10100,6690,680,0,0
"6485",5,0,48,66,235,631000,88700,20300,26900,6730,12600,8500,1070,0,0
"6486",5,0,54,69,23,2500000,1e+06,547000,364000,165000,287000,108000,14200,0,0
"6487",5,0,64,74,235,745000,271000,69100,94100,20700,74600,34900,3830,0,0
"6488",5,0,66,70,-12,791000,96600,15100,30700,8530,13600,7680,815,0,0
"6489",5,0,69,61,161,142000,358000,20200,47300,45700,47600,42700,2640,0,0
"6490",5,0,74,47,-114,112000,84300,8020,4840,3320,17300,8510,1280,0,0
"6491",5,0,63,37,69,164000,132000,11200,11700,3790,11500,8070,777,0,0
"6492",5,0,63,26,-21,1160000,144000,13700,6850,4580,16400,6020,946,0,0
"6493",5,0,60,30,-7,1800000,385000,64100,63200,13800,46000,52200,5660,0,0
"6494",5,0,47,43,13,138000,66800,10200,19100,3730,5430,6990,377,0,0
"6495",5,0,47,53,131,570000,256000,101000,57900,59300,32000,14700,6530,0,0
"6496",5,0,53,64,35,1500000,263000,62800,57200,30900,66900,25400,6500,0,0
"6497",5,0,60,69,-84,275000,57000,16600,28200,4020,15500,10200,1760,0,0
"6498",5,0,66,70,39,882000,59700,14200,18800,12700,12100,9770,1430,0,0
"6499",5,0,60,57,171,166000,179000,19900,5350,5900,8350,12800,981,0,0
"6500",5,0,54,47,-3,1490000,233000,7910,24400,32200,35900,30600,8960,0,0
"6501",5,0,44,47,-114,302000,53500,23100,18800,16300,6490,9350,2050,0,0
"6502",5,0,41,43,102,264000,94100,14100,19400,11700,11500,6110,740,0,0
"6503",5,0,44,56,118,288000,72100,22800,24100,12100,7480,7340,1290,0,0
"6504",5,0,47,44,-17,130000,148000,1340,4550,3030,22300,8820,610,0,0
"6505",5,0,57,47,-139,95100,5340,3700,3380,4420,2150,1140,151,0,0
"6506",5,0,61,47,136,362000,213000,65000,36600,54400,38400,23200,9700,0,0
"6507",5,0,70,56,92,414000,17300,23100,23000,5450,9950,5230,1810,0,0
"6508",5,0,67,78,-33,399000,95400,18000,13500,2710,13200,12400,1180,0,0
"6509",5,0,69,64,-138,53800,21700,1830,2370,1600,5480,1260,351,0,0
"6510",5,0,70,56,226,108000,85500,3950,9370,5000,14300,14300,571,0,0
"6511",5,0,69,37,105,420000,66900,7790,8630,5440,10900,10200,532,0,0
"6512",5,0,74,29,12,267000,126000,14200,7810,4130,21400,6540,1300,0,0
"6513",5,0,69,44,-115,272000,50200,27000,28000,11100,16000,8040,799,0,0
"6514",5,0,61,50,160,304000,120000,17100,15000,6950,11300,2780,1390,0,0
"6515",5,0,44,43,21,624000,199000,12700,7200,6960,6000,4170,1120,0,0
"6516",5,0,41,51,1,803000,66900,13200,17100,5870,9900,5710,1570,0,0
"6517",5,0,38,30,-149,858000,392000,16400,28300,16100,54600,56600,2210,0,0
"6518",5,0,35,27,214,328000,132000,7670,15400,4830,7820,7050,1010,0,0
"6519",5,0,53,40,-33,741000,168000,43300,40900,47700,32900,52600,8020,0,0
"6520",5,0,51,38,21,126000,89500,6010,23500,6720,11400,9790,480,0,0
"6521",5,0,56,54,-10,922000,162000,76800,66800,44400,57600,30500,1260,0,0
"6522",5,0,70,63,163,334000,278000,81300,49400,26600,74000,37800,2780,0,0
"6523",5,0,63,64,-76,4860,20500,6720,3150,2460,1920,1650,155,0,0
"6524",5,0,57,57,82,30100,49600,3520,4730,1240,3730,2950,402,0,0
"6525",5,0,61,56,13,121000,38000,19400,8770,5970,18000,8130,860,0,0
"6526",5,0,54,47,52,112000,128000,3510,16600,4070,17700,9230,1010,0,0
"6527",5,0,54,48,-44,531000,431000,162000,57200,17800,33500,26200,2180,0,0
"6528",5,0,53,50,181,63900,51700,4240,5470,1270,3330,1110,285,0,0
"6529",5,0,44,47,42,799000,121000,22100,25100,4610,21100,7680,818,0,0
"6530",5,0,51,50,54,112000,97300,5150,16200,8480,24800,6750,1820,0,0
"6531",5,0,63,51,-35,335000,66200,45300,12600,11000,21200,9790,1140,0,0
"6532",5,0,57,51,182,141000,216000,29300,12200,13200,9000,5720,1100,0,0
"6533",5,0,54,48,26,282000,83400,3000,18900,1460,9650,7410,851,0,0
"6534",5,0,50,54,54,1280000,204000,42200,61300,56300,42500,9830,3560,0,0
"6535",5,0,34,48,-54,365000,199000,40300,19800,12300,9640,4220,1690,0,0
"6536",5,0,38,35,145,172000,206000,6740,3500,5690,11500,7190,946,0,0
"6537",5,0,44,44,-18,302000,41300,22100,14100,2290,12800,6120,1400,0,0
"6538",5,0,44,40,25,97700,119000,23000,5380,4660,21700,8340,1580,0,0
"6539",5,0,61,44,-81,13200,14000,880,7340,1910,3340,821,351,0,0
"6540",5,0,69,63,84,2700000,310000,24200,82400,23000,45500,18100,4780,0,0
"6541",5,0,63,60,-69,572000,66000,16700,21700,3660,8600,4770,957,0,0
"6542",5,0,57,51,176,354000,385000,15400,17400,53900,34700,15700,6750,0,0
"6543",5,0,50,48,-34,21100,18400,2220,5160,1040,1830,2400,207,0,0
"6544",5,0,38,41,17,1800000,569000,6640,95300,13200,28800,35800,5340,0,0
"6545",5,0,24,37,-71,1280000,1180000,276000,96800,25800,37100,28900,1920,0,0
"6546",5,0,23,48,220,94400,119000,18700,13700,7240,11400,6080,779,0,0
"6547",5,0,29,63,-2,830000,73500,128000,91200,30900,42400,22600,10300,0,0
"6548",5,0,26,63,39,119000,149000,11700,15300,7340,4640,5240,1440,0,0
"6549",5,0,34,56,-133,391000,74500,4390,7610,7060,4320,6470,1840,0,0
"6550",5,0,30,51,212,123000,104000,15100,2180,5910,7640,9610,1630,0,0
"6551",5,0,23,44,24,122000,62800,44500,16400,18300,8430,4060,926,0,0
"6552",5,0,35,40,-1,357000,188000,3740,20300,3580,16000,3260,1780,0,0
"6553",5,0,38,43,-164,47600,42300,7520,1290,2240,3710,3370,214,0,0
"6554",5,0,38,50,91,375000,112000,21800,17100,14700,9090,3120,2290,0,0
"6555",5,0,44,35,165,229000,110000,14300,11100,8820,17000,7480,2330,0,0
"6556",5,0,41,40,-11,162000,98200,9510,12300,3860,7540,3050,1650,0,0
"6557",5,0,38,37,-120,893000,533000,26800,57300,51400,35900,12100,2350,0,0
"6558",5,0,48,44,133,1020000,116000,81700,24000,7940,29300,28500,4260,0,0
"6559",5,0,43,43,182,181000,110000,6200,10400,4760,9620,4410,677,0,0
"6560",5,0,43,48,-10,440000,93800,20500,14300,7260,8850,12100,1100,0,0
"6561",5,0,44,57,-133,177000,101000,33800,9350,6870,8320,5780,902,0,0
"6562",5,0,35,64,64,2410000,163000,101000,183000,29000,24600,20000,7430,0,0
"6563",5,0,29,57,144,95700,44100,1570,1600,1380,2180,1390,408,0,0
"6564",5,0,23,66,42,233000,53400,37400,10700,7170,3590,9090,1420,0,0
"6565",5,0,37,64,-98,670000,55300,5640,16900,3140,16000,8730,1110,0,0
"6566",5,0,35,48,-46,273000,136000,31100,10200,9540,7830,15200,1010,0,0
"6567",5,0,35,56,149,350000,187000,15500,11700,14400,11400,4620,724,0,0
"6568",5,0,43,51,38,630000,348000,144000,47600,33700,41100,30400,2570,0,0
"6569",5,0,40,50,54,295000,69500,12800,13700,7140,14300,13100,888,0,0
"6570",5,0,43,43,-25,356000,158000,8490,14700,2450,12500,8380,1160,0,0
"6571",5,0,54,47,112,566000,478000,77700,28300,20500,87100,41900,1720,0,0
"6572",5,0,51,26,17,299000,329000,16200,7960,4980,16900,6690,1810,0,0
"6573",5,0,43,20,172,187000,122000,8010,12400,4260,10500,4030,842,0,0
"6574",5,0,53,26,-28,42100,25200,3820,4670,976,5270,2540,192,0,0
"6575",5,0,48,24,67,247000,58200,3000,7120,7230,7080,5800,908,0,0
"6576",5,0,44,47,-9,796000,224000,121000,54800,22100,16400,29200,6090,0,0
"6577",5,0,51,50,152,933000,266000,28700,36600,33200,46900,44000,2920,0,0
"6578",5,0,38,43,-41,461000,402000,32700,32800,26800,21600,34400,4660,0,0
"6579",5,0,34,41,33,159000,50500,3130,3580,1570,3430,2440,191,0,0
"6580",5,0,40,35,-68,429000,116000,24900,18000,15000,11900,3890,920,0,0
"6581",5,0,43,41,163,74700,16100,2380,4880,451,3990,835,283,0,0
"6582",5,0,41,53,61,547000,105000,5820,52600,7490,6020,8830,1120,0,0
"6583",5,0,41,54,12,1050000,496000,6460,74500,39500,34800,23800,1800,0,0
"6584",5,0,43,48,-140,110000,105000,14300,4800,8420,12500,9190,1460,0,0
"6585",5,0,35,43,112,159000,99700,22100,5740,4310,10900,6430,564,0,0
"6586",5,0,41,38,125,265000,99500,25200,8810,3650,9860,9080,925,0,0
"6587",5,0,48,41,-49,194000,108000,26200,1100,8200,15500,9480,1700,0,0
"6588",5,0,35,41,-40,189000,174000,15400,9930,5530,6330,9770,706,0,0
"6589",5,0,34,43,132,163000,103000,9680,20900,7840,8530,9770,761,0,0
"6590",5,0,34,29,161,269000,204000,1890,16700,6610,16000,15800,1500,0,0
"6591",5,0,35,41,35,326000,59600,36200,10600,5000,11500,6600,2270,0,0
"6592",5,0,47,43,-168,587000,97300,5890,13400,7810,8340,7090,1620,0,0
"6593",5,0,41,44,176,239000,125000,24800,15600,7790,6700,9180,1220,0,0
"6594",5,0,51,51,180,255000,85000,9660,9320,3270,15200,4640,1500,0,0
"6595",5,0,44,35,42,307000,170000,10100,8750,7850,12800,8380,412,0,0
"6596",5,0,47,40,-58,1230000,1290000,183000,264000,108000,152000,122000,9570,0,0
"6597",5,0,53,24,196,405000,122000,2180,5790,6760,9860,2260,1460,0,0
"6598",5,0,56,34,96,268000,36600,27200,2490,8540,13700,3910,1200,0,0
"6599",5,0,53,47,1,107000,93700,27000,10500,6540,6970,2900,2550,0,0
"6600",5,1,40,48,20,547000,554000,83900,17200,8250,19800,16300,5380,0,1
"6601",5,1,61,60,-4,2260000,70000,33000,20500,5740,27000,9230,4520,0,1
"6602",5,1,43,50,59,1650000,1880000,120000,402000,183000,57300,39400,15600,0,1
"6603",5,1,24,53,67,1110000,1050000,196000,139000,83200,49000,68000,17900,0,1
"6604",5,1,34,56,44,826000,217000,31400,42200,33200,16000,20100,2030,0,1
"6605",5,1,24,43,-27,24200,65700,9850,709,2600,8090,2190,1360,0,1
"6606",5,1,44,37,-54,603000,223000,27800,9030,36300,28400,10700,2040,0,1
"6607",5,1,43,40,13,670000,61800,6720,21100,7160,2700,1900,1260,0,1
"6608",5,1,38,41,-29,394000,242000,23300,55600,15500,13100,5550,3830,0,1
"6609",5,1,30,44,139,385000,45900,3620,6290,4000,3240,1350,765,0,1
"6610",5,1,29,57,54,2510000,536000,270000,101000,90900,86800,40100,23600,0,1
"6611",5,1,40,38,-9,214000,324000,8760,8690,36600,24000,15600,3130,0,1
"6612",5,1,48,48,-38,2690000,507000,304000,169000,102000,75900,59000,28300,0,1
"6613",5,1,51,50,66,526000,468000,1e+05,39500,25400,47700,7530,2470,0,1
"6614",5,1,60,48,16,1120000,111000,65100,16900,65700,31800,15500,2850,0,1
"6615",5,1,53,60,-7,2080000,986000,116000,64900,158000,45500,18100,24600,0,1
"6616",5,1,57,54,8,675000,144000,57800,27300,28000,25000,7840,3190,0,1
"6617",5,1,61,53,120,1120000,106000,23500,13400,35900,14500,6400,3140,0,1
"6618",5,1,44,51,60,2790000,716000,184000,125000,85900,51500,57100,15800,0,1
"6619",5,1,43,56,-43,2590000,219000,26700,34500,27700,11100,5980,5030,0,1
"6620",5,1,34,40,44,244000,84300,5190,3720,8250,4540,3510,879,0,1
"6621",5,1,26,53,162,138000,33800,34000,5820,7840,5020,2350,648,0,1
"6622",5,1,26,47,7,1660000,144000,1700,30700,32400,7780,9840,7860,0,1
"6623",5,1,17,30,-37,43200,44000,1160,1120,647,881,987,104,0,1
"6624",5,1,21,37,-36,313000,272000,37800,16100,13100,17600,7890,2680,0,1
"6625",5,1,4,17,172,88100,81600,6660,6020,8390,1680,2650,134,0,1
"6626",5,1,20,35,38,1590000,51900,35400,33900,6220,19500,12700,4080,0,1
"6627",5,1,38,56,-34,3470000,735000,216000,194000,156000,90200,33700,27300,0,1
"6628",5,1,47,70,92,678000,128000,87100,28100,21200,25900,12800,6080,0,1
"6629",5,1,63,83,138,173000,41200,19000,3940,4370,4540,5760,424,0,1
"6630",5,1,60,81,-21,136000,22500,20900,5640,5510,6210,7280,862,0,1
"6631",5,1,56,81,-25,362000,241000,73600,50300,45900,22300,9840,4050,0,1
"6632",5,1,53,67,51,2210000,167000,27200,16300,34100,16000,6720,2240,0,1
"6633",5,1,69,54,122,594000,31800,3750,4800,25800,9270,2840,1330,0,1
"6634",5,1,69,44,48,1340000,159000,32900,21700,21000,32500,15900,2530,0,1
"6635",5,1,88,41,-74,2680000,357000,48400,146000,157000,131000,57700,11600,0,1
"6636",5,1,84,48,-9,675000,214000,73500,22500,28700,19800,5610,6640,0,1
"6637",5,1,74,63,179,716000,124000,88000,23500,43200,24800,10000,2740,0,1
"6638",5,1,74,69,-4,762000,35900,8700,15800,3330,8810,4400,1010,0,1
"6639",5,1,63,74,-1,894000,124000,57900,18200,23900,19900,12600,3630,0,1
"6640",5,1,80,78,-18,1710000,70500,28600,56500,40000,34900,12400,1440,0,1
"6641",5,1,80,80,152,1100000,114000,56600,40300,7920,23200,4280,4370,0,1
"6642",5,1,67,74,56,1520000,161000,19800,37500,27900,12900,8020,3570,0,1
"6643",5,1,75,64,41,286000,39700,8900,1920,3080,7250,4660,1110,0,1
"6644",5,1,40,44,-21,439000,858000,47200,26500,26300,12200,11600,4310,0,1
"6645",5,1,27,43,100,1920000,1030000,579000,29000,55300,61600,37900,19700,0,1
"6646",5,1,27,35,16,86600,92300,6450,4690,2580,6120,3150,1200,0,1
"6647",5,1,17,26,54,557000,123000,5440,8600,3520,8250,3030,1830,0,1
"6648",5,1,29,34,-13,152000,24300,2960,659,666,796,982,408,0,1
"6649",5,1,51,29,105,143000,19900,8240,6410,6350,8690,3090,1120,0,1
"6650",5,1,56,40,24,962000,158000,29100,22100,23800,20100,11900,7970,0,1
"6651",5,1,57,56,130,2130000,587000,339000,107000,115000,71800,31900,17300,0,1
"6652",5,1,66,63,24,313000,67900,19200,2900,4650,5120,2480,535,0,1
"6653",5,1,51,56,44,552000,291000,32300,38700,35800,28500,14300,3340,0,1
"6654",5,1,41,56,-12,470000,213000,56400,15900,45800,11600,13800,2730,0,1
"6655",5,1,40,48,141,258000,39200,7260,5240,7770,3300,1920,752,0,1
"6656",5,1,56,48,-43,271000,36600,9660,6660,5140,11600,3500,1060,0,1
"6657",5,1,50,48,36,324000,324000,49400,23300,44300,15600,29100,3910,0,1
"6658",5,1,56,40,-14,186000,371000,41000,12100,56100,27900,11300,7510,0,1
"6659",5,1,60,38,-165,253000,49200,5670,7880,6030,5900,3080,4460,0,1
"6660",5,1,40,50,-73,2210000,61900,53100,14100,12100,6090,5110,2520,0,1
"6661",5,1,44,56,-117,737000,167000,71100,32300,84500,16100,16300,5750,0,1
"6662",5,1,50,67,-4,521000,43100,7310,15800,8260,7420,3060,2210,0,1
"6663",5,1,50,75,336,1520000,213000,85200,38200,47300,29200,23500,8770,0,1
"6664",5,1,61,70,54,1180000,324000,1e+05,249000,180000,79900,40100,8880,0,1
"6665",5,1,56,70,-67,79100,73000,23300,6670,5740,3910,1860,796,0,1
"6666",5,1,51,63,-56,852000,267000,47000,13300,22400,20100,7780,2560,0,1
"6667",5,1,50,51,98,1070000,792000,47200,69100,120000,68800,30300,19100,0,1
"6668",5,1,48,48,92,767000,146000,82400,12500,36300,25500,7360,3640,0,1
"6669",5,1,47,40,29,137000,137000,19200,1270,4230,5500,5540,1010,0,1
"6670",5,1,54,44,-132,9e+05,117000,39300,17400,40100,20300,12400,8500,0,1
"6671",5,1,56,43,69,3160000,204000,10400,13500,10700,24100,10000,3440,0,1
"6672",5,1,60,41,137,149000,30000,9860,5640,5060,6060,2820,1310,0,1
"6673",5,1,78,50,52,1720000,94600,9380,44600,14800,24600,16400,3030,0,1
"6674",5,1,81,51,-34,658000,38800,9400,7840,6160,7980,1680,1330,0,1
"6675",5,1,87,53,40,40400,10100,473,1200,1770,1990,811,308,0,1
"6676",5,1,75,47,188,1230000,340000,18900,42800,27900,17900,9410,3390,0,1
"6677",5,1,61,53,18,2410000,502000,493000,87300,99800,64900,22300,20300,0,1
"6678",5,1,60,61,-43,362000,38600,7720,25300,5180,8090,2580,2850,0,1
"6679",5,1,53,74,57,541000,166000,58800,44200,21300,30700,9750,2990,0,1
"6680",5,1,54,83,136,748000,223000,93500,36700,32400,18100,4580,6420,0,1
"6681",5,1,47,78,-12,892000,577000,101000,250000,95200,27000,36100,9630,0,1
"6682",5,1,44,70,-28,994000,111000,46300,13900,21900,18300,6980,2990,0,1
"6683",5,1,40,61,-12,380000,51800,6500,5500,6500,3880,1850,676,0,1
"6684",5,1,48,41,137,735000,1610000,39200,78700,92900,182000,72600,7900,0,1
"6685",5,1,57,38,72,1010000,199000,18900,66300,18000,20200,11700,5120,0,1
"6686",5,1,54,44,-70,304000,31500,17100,11500,3560,5030,2980,2140,0,1
"6687",5,1,53,47,-43,543000,60400,3000,12300,1570,4100,2110,636,0,1
"6688",5,1,54,61,137,977000,231000,54700,23900,12700,39000,6660,5830,0,1
"6689",5,1,44,51,42,1500000,548000,34900,31900,12000,17500,3940,2800,0,1
"6690",5,1,44,44,-42,158000,9130,1820,2620,1680,1170,319,221,0,1
"6691",5,1,40,44,-77,2010000,854000,135000,61500,63000,35100,27500,24600,0,1
"6692",5,1,34,48,118,585000,196000,33100,61000,17000,21500,7850,2220,0,1
"6693",5,1,44,50,43,513000,350000,37600,23300,23500,31300,6680,3410,0,1
"6694",5,1,53,30,23,132000,263000,15400,7500,34600,46100,5690,6820,0,1
"6695",5,1,53,38,-21,854000,266000,74800,37800,9560,11800,16600,4520,0,1
"6696",5,1,56,37,82,180000,56800,20800,3560,3400,7220,1420,673,0,1
"6697",5,1,60,35,23,424000,318000,19900,31300,44200,37900,12300,4200,0,1
"6698",5,1,53,47,23,239000,38200,3350,7040,8370,5000,1720,912,0,1
"6699",5,1,78,40,-59,218000,41100,5790,7280,7020,13600,2250,991,0,1
"6700",5,1,81,47,136,53800,19400,15800,2510,4390,4770,2340,791,0,1
"6701",5,1,75,53,57,107000,75100,9420,11300,4380,5890,1750,653,0,1
"6702",5,1,84,64,37,438000,17400,9470,8960,4150,7990,1520,1320,0,1
"6703",5,1,74,66,-23,94300,30200,8910,1080,9430,3690,1620,1250,0,1
"6704",5,1,74,67,77,864000,97700,104000,7250,38400,23200,9990,1990,0,1
"6705",5,1,75,63,98,267000,187000,26100,14200,18600,16300,12000,2440,0,1
"6706",5,1,66,38,91,431000,79600,1230,3010,7840,9830,1220,2480,0,1
"6707",5,1,64,43,-38,812000,673000,174000,186000,182000,95200,64400,12000,0,1
"6708",5,1,44,17,81,902000,804000,34200,20700,96900,18700,6580,3250,0,1
"6709",5,1,35,23,36,144000,48400,2130,15400,7380,2130,1470,944,0,1
"6710",5,1,27,35,97,705000,244000,28400,22900,38900,21100,8740,1520,0,1
"6711",5,1,27,26,-91,337000,228000,5050,36200,11300,26500,9250,4060,0,1
"6712",5,1,40,27,101,1160000,424000,17900,20000,52400,25000,10900,5370,0,1
"6713",5,1,53,27,39,65800,38800,9490,5330,7420,5340,3320,461,0,1
"6714",5,1,66,35,-7,627000,212000,17900,13600,16600,32100,8520,6730,0,1
"6715",5,1,83,47,41,886000,198000,50800,9450,11000,50300,24300,2650,0,1
"6716",5,1,74,37,-35,1030000,335000,11500,35500,60500,16100,10200,4070,0,1
"6717",5,1,64,34,39,124000,45000,12400,996,5810,4180,1830,1160,0,1
"6718",5,1,60,41,-67,253000,33800,6370,5450,3300,3820,1440,2400,0,1
"6719",5,1,50,40,59,1430000,206000,23400,24200,10700,23500,7110,3030,0,1
"6720",5,1,67,47,57,1300000,146000,20400,21000,17200,40500,9130,4200,0,1
"6721",5,1,67,54,114,1630000,192000,128000,17500,9580,22800,9830,2200,0,1
"6722",5,1,54,47,-86,390000,602000,31900,51400,6910,19200,16500,4780,0,1
"6723",5,1,60,56,113,2070000,90100,60900,10200,30700,21100,4520,7710,0,1
"6724",5,1,41,43,74,74300,96000,1150,4080,4800,4210,883,1030,0,1
"6725",5,1,40,16,101,652000,478000,5990,21600,26100,31500,6290,3240,0,1
"6726",5,1,51,16,-42,193000,46800,1370,5950,4940,4090,1550,834,0,1
"6727",5,1,48,16,28,366000,36200,13500,8230,698,5990,3010,760,0,1
"6728",5,1,54,24,29,168000,79900,4570,6160,8010,7350,1560,746,0,1
"6729",5,1,51,34,137,1940000,843000,66300,44100,141000,42400,31800,8960,0,1
"6730",5,1,48,43,11,1520000,501000,181000,51100,60800,49000,33100,9550,0,1
"6731",5,1,44,37,57,349000,42200,5260,8480,11200,3740,5130,1150,0,1
"6732",5,1,41,47,44,629000,687000,252000,80100,252000,63300,38800,18500,0,1
"6733",5,1,51,70,139,93400,12400,26600,2760,8470,4570,2430,1180,0,1
"6734",5,1,50,66,-11,269000,44400,6290,6770,6240,3180,3060,1210,0,1
"6735",5,1,48,63,41,553000,207000,20000,28900,8680,15700,5490,3420,0,1
"6736",5,1,54,53,23,1450000,173000,14600,11400,26600,21600,11300,1290,0,1
"6737",5,1,41,35,92,2170000,327000,35000,30900,45400,12900,4630,1290,0,1
"6738",5,1,38,37,23,451000,62700,16100,2740,3540,3290,2670,578,0,1
"6739",5,1,30,41,18,2620000,677000,225000,12200,60500,32600,24900,16200,0,1
"6740",5,2,43,69,-106,2300000,130000,98400,47700,29400,32500,6820,5300,0,1
"6741",5,2,53,75,155,2e+06,672000,479000,123000,81500,174000,30600,32200,0,1
"6742",5,2,56,83,66,526000,168000,62700,106000,33300,22300,10700,7010,0,1
"6743",5,2,70,90,-36,2030000,61000,63700,38300,58000,29400,9950,7460,0,1
"6744",5,2,78,87,-139,2550000,399000,172000,170000,94300,143000,93700,14000,0,1
"6745",5,2,70,70,141,396000,121000,19400,2700,7170,12100,6660,455,0,1
"6746",5,2,61,64,136,259000,57600,14200,14300,3540,2460,2770,940,0,1
"6747",5,2,54,54,-34,882000,198000,20400,36200,22400,30000,23100,10700,0,1
"6748",5,2,37,44,-116,333000,135000,11300,24000,6800,7330,922,1060,0,1
"6749",5,2,29,51,103,150000,87900,14900,10600,7370,4630,5340,1390,0,1
"6750",5,2,40,51,201,967000,175000,40600,70300,41600,19100,16100,9590,0,1
"6751",5,2,35,53,98,202000,398000,89200,21700,13100,38000,14200,5050,0,1
"6752",5,2,41,63,-75,1300000,124000,86100,26500,43500,18000,10800,3500,0,1
"6753",5,2,48,70,36,333000,25800,11000,13300,7340,3820,1990,1740,0,1
"6754",5,2,50,78,226,569000,192000,75000,127000,14600,31100,13900,3240,0,1
"6755",5,2,38,74,23,636000,806000,130000,14900,32200,28200,16300,9580,0,1
"6756",5,2,41,56,52,832000,47500,2490,4380,10200,6080,2450,1660,0,1
"6757",5,2,48,54,-65,301000,27900,6840,13500,2510,6070,2330,1830,0,1
"6758",5,2,48,37,97,164000,12800,1750,507,2140,1100,589,384,0,1
"6759",5,2,69,47,-11,708000,181000,92500,13300,11900,45900,20500,9290,0,1
"6760",5,2,70,60,56,1710000,679000,59600,336000,106000,145000,48000,21700,0,1
"6761",5,2,60,40,-36,3e+05,113000,4200,5290,5880,6030,3920,1310,0,1
"6762",5,2,50,56,43,3650000,1e+06,581000,151000,103000,63600,47100,21200,0,1
"6763",5,2,40,63,12,167000,23400,27300,8220,10900,4080,2450,1580,0,1
"6764",5,2,37,60,61,854000,229000,27300,52700,33200,32700,13500,3860,0,1
"6765",5,2,50,63,24,541000,82000,2420,8560,8030,11400,3770,1150,0,1
"6766",5,2,61,56,65,639000,192000,48200,26400,16100,27100,18700,6490,0,1
"6767",5,2,51,40,9,340000,749000,108000,30200,20000,27300,12400,2570,0,1
"6768",5,2,54,29,133,276000,256000,15700,16000,19100,38100,20500,3440,0,1
"6769",5,2,40,35,22,59500,101000,13700,2840,6270,4620,4990,569,0,1
"6770",5,2,50,37,11,1060000,103000,44400,28500,29900,31800,26800,2490,0,1
"6771",5,2,60,47,-220,442000,29900,6900,8600,4940,3130,1940,1530,0,1
"6772",5,2,56,69,136,88900,27600,19600,28000,4840,9160,7060,851,0,1
"6773",5,2,64,57,64,795000,99600,5840,330,9200,7660,1980,649,0,1
"6774",5,2,61,54,6,68900,44800,8410,11600,7000,9690,4330,636,0,1
"6775",5,2,57,51,-77,1440000,1e+06,132000,250000,102000,63000,74000,20100,0,1
"6776",5,2,43,29,67,443000,260000,25300,14600,41000,12100,15600,3180,0,1
"6777",5,2,40,54,171,356000,184000,124000,11900,18600,17400,15800,4840,0,1
"6778",5,2,34,69,-7,70100,95700,83700,110000,18800,26300,14900,2190,0,1
"6779",5,2,35,70,-24,135000,42900,10400,8510,6540,3720,4640,493,0,1
"6780",5,2,44,87,37,998000,144000,30900,74000,26200,21600,8570,5690,0,1
"6781",5,2,54,81,141,843000,93200,23700,28600,12500,16600,27000,5900,0,1
"6782",5,2,53,61,108,193000,57500,8450,3150,3310,5650,3230,976,0,1
"6783",5,2,60,61,-100,1500000,221000,83300,24200,24900,29900,25800,2710,0,1
"6784",5,2,53,53,-9,1780000,1180000,306000,70100,223000,67600,60100,28800,0,1
"6785",5,2,41,44,48,614000,1470000,24100,225000,58100,96900,67900,18800,0,1
"6786",5,2,43,48,26,1280000,275000,51100,28300,24000,31200,12200,4070,0,1
"6787",5,2,47,40,101,1040000,188000,17600,38400,97600,28300,16500,4780,0,1
"6788",5,2,56,40,-21,42400,7680,2310,613,1610,1070,784,207,0,1
"6789",5,2,69,56,186,1280000,98700,53100,57400,15800,27500,22800,2060,0,1
"6790",5,2,57,60,-42,662000,135000,40200,5080,12100,7350,3900,1880,0,1
"6791",5,2,64,74,183,163000,4960,5810,896,2510,2170,750,250,0,1
"6792",5,2,56,61,-20,674000,73000,4370,2830,9170,3960,1800,772,0,1
"6793",5,2,48,41,-65,349000,368000,27700,14000,11000,30600,11100,2550,0,1
"6794",5,2,56,30,-81,28800,20200,1700,806,3050,1770,456,189,0,1
"6795",5,2,29,14,155,2130000,491000,22500,63700,36500,14200,20700,3560,0,1
"6796",5,2,30,37,87,1090000,188000,137000,21800,9070,21300,27100,3300,0,1
"6797",5,2,41,35,42,653000,45600,3800,2150,11400,7470,1990,518,0,1
"6798",5,2,27,44,-100,80000,170000,16900,35800,6800,5900,5490,948,0,1
"6799",5,2,44,54,45,327000,47100,21100,1090,2960,6460,4520,948,0,1
"6800",5,2,54,51,-54,309000,42600,16700,14800,6720,10600,6530,652,0,1
"6801",5,2,38,60,-6,299000,78900,8330,9220,5380,3950,8840,336,0,1
"6802",5,2,48,63,-9,436000,226000,72600,67200,84900,20500,5250,5960,0,1
"6803",5,2,51,67,-33,509000,137000,36100,75600,27300,31700,15700,4740,0,1
"6804",5,2,51,66,152,357000,195000,46000,76100,6570,41000,6420,4630,0,1
"6805",5,2,53,78,83,984000,196000,83400,54500,13800,15800,12300,2420,0,1
"6806",5,2,56,70,85,94100,66300,13100,4000,6360,6390,1900,1520,0,1
"6807",5,2,51,75,-53,264000,20500,17500,3940,3890,3130,4230,898,0,1
"6808",5,2,44,74,33,105000,37000,13100,7280,4580,5170,3690,1250,0,1
"6809",5,2,47,64,-50,689000,234000,37000,36000,35400,15700,4780,5470,0,1
"6810",5,2,48,60,122,2240000,956000,129000,63100,186000,92700,79900,14700,0,1
"6811",5,2,35,35,-42,84900,90100,3960,2800,8260,2370,5340,497,0,1
"6812",5,2,35,35,-18,145000,37800,14900,5930,6370,5540,3120,627,0,1
"6813",5,2,27,35,-217,948000,72100,10600,8040,4080,2910,4320,820,0,1
"6814",5,2,35,44,133,109000,46900,11100,12500,4290,9590,2020,1100,0,1
"6815",5,2,50,64,85,1370000,639000,47600,357000,164000,93600,22300,13200,0,1
"6816",5,2,47,66,9,55300,46900,26300,8770,14200,5750,1890,774,0,1
"6817",5,2,63,63,-60,1340000,171000,11200,28100,18600,22600,7170,3010,0,1
"6818",5,2,51,48,26,3050000,372000,17600,22700,31400,24200,3910,2650,0,1
"6819",5,2,51,48,106,1310000,867000,290000,171000,62900,120000,67900,11600,0,1
"6820",5,2,54,50,38,248000,30100,16600,7190,5480,4620,3760,753,0,1
"6821",5,2,57,56,-89,347000,43200,12300,8980,5410,8380,5260,906,0,1
"6822",5,2,70,75,56,288000,17200,13500,2330,4910,6170,2350,1240,0,1
"6823",5,2,63,64,156,1680000,1010000,103000,86400,72300,55600,23800,17200,0,1
"6824",5,2,57,63,25,327000,262000,117000,51800,71200,25900,20400,2190,0,1
"6825",5,2,43,57,-84,647000,357000,62800,19600,26000,18800,10200,5250,0,1
"6826",5,2,38,67,-6,558000,39400,82500,40400,22300,16700,15300,12700,0,1
"6827",5,2,51,88,166,157000,18000,23300,7290,2200,5660,7030,727,0,1
"6828",5,2,56,83,2,1750000,144000,29900,31200,21000,19200,7470,5290,0,1
"6829",5,2,54,90,-69,648000,406000,139000,28200,36700,21600,7790,5200,0,1
"6830",5,2,54,84,-10,788000,76900,81700,47000,22400,26200,20300,2070,0,1
"6831",5,2,34,60,264,125000,267000,22400,5480,11000,6370,5140,660,0,1
"6832",5,2,34,63,7,656000,49800,31700,6970,17100,7790,2550,2340,0,1
"6833",5,2,40,63,-44,1240000,194000,56100,33800,25600,17500,10900,6980,0,1
"6834",5,2,41,43,123,771000,441000,44900,32700,12200,33600,20300,4350,0,1
"6835",5,2,27,29,58,669000,584000,61900,16200,15500,20700,7820,2900,0,1
"6836",5,2,11,26,-74,153000,185000,40400,10800,3670,4320,1270,1920,0,1
"6837",5,2,16,44,66,3e+05,61400,9310,22800,5160,5690,3980,1150,0,1
"6838",5,2,11,48,128,1360000,195000,23400,29400,5200,13100,8810,3330,0,1
"6839",5,2,34,63,60,935000,181000,115000,39900,3140,59800,27700,3960,0,1
"6840",5,2,57,81,-251,1390000,88300,157000,105000,54400,43700,20100,22700,0,1
"6841",5,2,61,81,109,3910000,356000,158000,46000,18000,46000,24300,14900,0,1
"6842",5,2,74,90,107,1060000,116000,67300,15600,18700,23500,3250,10600,0,1
"6843",5,2,61,83,119,1350000,219000,60200,30300,22100,22800,25500,8380,0,1
"6844",5,2,56,77,68,1780000,107000,116000,12600,48200,20200,8480,6900,0,1
"6845",5,2,61,87,195,783000,115000,139000,83400,32600,42300,11800,4710,0,1
"6846",5,2,53,87,13,1640000,265000,150000,41900,24000,28500,8730,5450,0,1
"6847",5,2,41,74,85,637000,481000,32000,16300,16500,16300,23900,5980,0,1
"6848",5,2,53,43,-5,1370000,86700,342,4650,29500,17900,19700,9810,0,1
"6849",5,2,40,35,67,242000,289000,111000,75100,20700,22000,7920,2670,0,1
"6850",5,2,48,41,-10,769000,47500,39300,61300,28300,17700,14600,2230,0,1
"6851",5,2,54,47,122,972000,1540000,35700,246000,105000,91500,24200,27300,0,1
"6852",5,2,48,69,33,1950000,1030000,95200,321000,37500,145000,73700,13000,0,1
"6853",5,2,54,60,-66,854000,339000,81100,13400,39800,35000,28900,4730,0,1
"6854",5,2,60,48,86,920000,164000,32300,49100,36200,38400,6730,3100,0,1
"6855",5,2,60,51,89,1370000,1610000,368000,69700,152000,121000,47000,19900,0,1
"6856",5,2,63,53,-38,707000,139000,63700,23900,47800,28800,7820,2810,0,1
"6857",5,2,63,54,-93,270000,64600,3720,14700,4640,7170,1380,739,0,1
"6858",5,2,54,63,180,332000,185000,116000,48800,24500,27600,14200,2780,0,1
"6859",5,2,50,63,-62,1590000,380000,60700,43200,43200,19100,7770,4860,0,1
"6860",5,2,38,61,69,980000,733000,96500,248000,128000,59800,24800,15000,0,1
"6861",5,2,26,57,90,3460000,1690000,229000,132000,154000,63300,17900,13000,0,1
"6862",5,2,24,54,58,883000,523000,313000,35900,91300,59900,29000,19600,0,1
"6863",5,2,23,53,-40,658000,222000,7060,44700,25700,10500,22900,3770,0,1
"6864",5,2,21,64,138,68700,21100,25600,2900,1780,2560,2450,1080,0,1
"6865",5,2,24,66,-53,148000,77700,8310,11600,5660,3810,1310,1230,0,1
"6866",5,2,20,64,-92,1150000,117000,71600,11900,66100,8220,4050,2730,0,1
"6867",5,2,24,64,64,1880000,1300000,145000,129000,177000,86200,66000,59700,0,1
"6868",5,2,38,56,92,725000,2e+05,77100,41200,9330,46100,14000,2160,0,1
"6869",5,2,41,53,-33,1050000,316000,27900,28700,32700,20200,12400,5270,0,1
"6870",5,2,48,64,-72,56200,26900,47600,9750,2380,6150,1980,828,0,1
"6871",5,2,61,77,195,856000,65500,68200,9520,37500,22400,5260,6460,0,1
"6872",5,2,51,78,13,268000,298000,159000,44200,46400,34400,18100,1960,0,1
"6873",5,2,51,90,-17,637000,61000,23400,12300,11500,4710,4520,1730,0,1
"6874",5,2,63,88,-10,146000,12600,31900,6540,7410,8320,1180,945,0,1
"6875",5,2,60,87,37,1830000,705000,308000,264000,144000,141000,109000,14000,0,1
"6876",5,2,63,75,-76,224000,53500,6690,5100,8950,6070,2090,1580,0,1
"6877",5,2,75,67,128,1020000,120000,23700,11100,17700,21600,8770,1400,0,1
"6878",5,2,63,66,82,1600000,118000,144000,59300,19100,21800,6520,5210,0,1
"6879",5,2,60,64,-66,1180000,119000,61800,17800,26900,18400,15000,2840,0,1
"6880",5,2,54,74,97,1550000,790000,167000,154000,120000,64800,26000,16100,0,1
"6881",5,2,37,78,129,1020000,379000,153000,7330,25800,17100,8510,1150,0,1
"6882",5,3,44,60,48,623000,19000,841,698,3200,1510,1870,919,0,1
"6883",5,3,47,61,-60,547000,54700,31400,12600,9290,5390,2820,5470,0,1
"6884",5,3,47,69,42,1030000,55600,76800,38800,22300,11100,9580,7870,0,1
"6885",5,3,41,57,132,891000,836000,120000,74500,65100,43200,41500,8200,0,1
"6886",5,3,26,60,53,679000,349000,19100,10700,13100,6740,12400,2160,0,1
"6887",5,3,38,54,-50,917000,387000,167000,29600,36100,74300,10100,11000,0,1
"6888",5,3,27,44,120,884000,656000,327000,90300,42600,31700,21000,17200,0,1
"6889",5,3,29,57,128,697000,466000,227000,178000,36900,42000,10400,20400,0,1
"6890",5,3,51,75,-22,739000,121000,28400,33300,20500,17300,9000,2340,0,1
"6891",5,3,43,69,18,2150000,68100,3660,12300,10800,6520,2840,1610,0,1
"6892",5,3,51,64,116,1500000,241000,42400,57200,21100,17000,8210,8480,0,1
"6893",5,3,54,53,11,225000,34700,8150,697,3460,2790,952,557,0,1
"6894",5,3,30,38,72,602000,236000,9320,16900,16000,4690,1800,1530,0,1
"6895",5,3,23,44,21,1590000,491000,172000,29800,89400,25700,19800,5190,0,1
"6896",5,3,20,34,-8,1070000,451000,52500,12000,46900,21000,6420,7570,0,1
"6897",5,3,17,38,66,1830000,341000,74400,50400,47100,28700,6820,6110,0,1
"6898",5,3,35,50,75,1190000,90700,35200,5090,15900,7520,2060,1800,0,1
"6899",5,3,23,61,8,1030000,322000,328000,29100,36700,10900,8760,7420,0,1
"6900",5,3,14,69,-70,2010000,286000,85000,20400,21300,7810,5090,4490,0,1
"6901",5,3,16,70,155,1630000,355000,125000,22200,31200,32500,6340,23500,0,1
"6902",5,3,13,78,-24,757000,89900,60700,8620,4170,7160,2690,2010,0,1
"6903",5,3,23,70,35,402000,39100,20400,2940,5060,2100,5310,814,0,1
"6904",5,3,47,75,34,466000,66600,17700,17800,8830,13500,3000,864,0,1
"6905",5,3,48,64,-12,2320000,381000,26800,32100,30900,30800,12900,9830,0,1
"6906",5,3,43,44,8,1140000,532000,26500,28200,25700,17500,8040,3110,0,1
"6907",5,3,43,35,85,167000,332000,46700,20800,15000,14300,3140,3460,0,1
"6908",5,3,27,35,69,177000,45600,17000,3380,2990,3030,674,451,0,1
"6909",5,3,20,29,-58,140000,25000,1770,777,2220,1080,757,263,0,1
"6910",5,3,29,56,121,666000,41200,69300,3360,5570,7600,3380,1010,0,1
"6911",5,3,37,51,65,814000,449000,49700,11800,14400,29600,12800,3860,0,1
"6912",5,3,40,50,5,1430000,350000,59400,52000,13500,22500,8570,6390,0,1
"6913",5,3,35,54,-27,825000,79700,6390,7020,4800,2540,2930,1240,0,1
"6914",5,3,41,44,179,449000,50400,22500,11200,15000,10900,5590,3080,0,1
"6915",5,3,38,44,60,922000,427000,38500,19800,18400,21400,28000,5270,0,1
"6916",5,3,38,40,-10,993000,327000,48500,17700,19400,15800,8110,6460,0,1
"6917",5,3,29,47,-8,1020000,471000,115000,30300,30600,9120,6000,4430,0,1
"6918",5,3,10,35,89,420000,461000,74800,14100,31300,14200,3310,4060,0,1
"6919",5,3,3,37,-37,8e+05,316000,27800,20400,16200,10400,7770,5630,0,1
"6920",5,3,1,17,60,412000,1010000,1330,19500,39400,27700,7890,8420,0,1
"6921",5,3,10,29,36,887000,35000,30000,5330,6960,2630,2380,1620,0,1
"6922",5,3,14,44,-61,788000,347000,1e+05,119000,52600,24600,21300,12800,0,1
"6923",5,3,21,50,56,481000,87900,9890,9330,7770,5240,4040,2060,0,1
"6924",5,3,21,67,135,1430000,308000,7590,42300,18200,8730,5430,8940,0,1
"6925",5,3,26,63,16,293000,79100,32700,5710,9910,6290,2570,2500,0,1
"6926",5,3,27,54,-45,1190000,473000,105000,26500,27000,29200,12200,8130,0,1
"6927",5,3,21,50,145,450000,208000,15300,7120,6400,6660,2240,2700,0,1
"6928",5,3,30,51,-14,552000,87200,13500,5170,5940,6380,1720,1420,0,1
"6929",5,3,26,43,18,1520000,383000,21400,36300,21400,14400,12600,5090,0,1
"6930",5,3,24,48,2,279000,197000,87500,28000,38000,14100,6640,4840,0,1
"6931",5,3,16,51,12,831000,633000,53000,39600,29600,6870,4120,9090,0,1
"6932",5,3,14,34,-36,1450000,133000,2510,1780,9880,7660,4170,1790,0,1
"6933",5,3,7,41,137,564000,391000,122000,9210,33500,7030,6290,6070,0,1
"6934",5,3,3,34,7,2020000,1030000,113000,110000,132000,33500,20500,6120,0,1
"6935",5,3,20,30,-85,221000,515000,35900,29200,9120,21800,6330,3520,0,1
"6936",5,3,14,48,121,689000,397000,51800,43800,21800,15800,24300,3580,0,1
"6937",5,3,40,53,12,588000,5680,2760,3810,5340,1240,963,858,0,1
"6938",5,3,50,61,34,702000,50200,17900,11600,8160,5180,1940,1910,0,1
"6939",5,3,56,63,40,1570000,352000,45700,9260,25800,24800,9780,5030,0,1
"6940",5,3,64,66,32,2310000,211000,63000,24100,27800,20500,8670,8800,0,1
"6941",5,3,43,56,56,1820000,674000,50700,56500,27300,11800,9880,7050,0,1
"6942",5,3,43,48,68,559000,116000,11900,15000,14200,10200,4430,3510,0,1
"6943",5,3,35,48,-1,1480000,314000,29100,14200,4500,12000,7720,7720,0,1
"6944",5,3,26,43,-22,726000,455000,21400,94200,104000,17800,9420,7770,0,1
"6945",5,3,40,47,141,61800,495000,98800,20200,14500,30600,10800,3410,0,1
"6946",5,3,30,53,-56,1090000,218000,67000,50200,34000,13100,6480,6230,0,1
"6947",5,3,44,61,75,2340000,176000,54800,18700,13300,25300,15200,14000,0,1
"6948",5,3,48,66,81,1130000,718000,245000,33800,58100,48900,26400,5540,0,1
"6949",5,3,56,74,-11,1040000,179000,44300,65100,16100,27500,12600,4980,0,1
"6950",5,3,61,88,118,553000,10900,51200,11400,10800,3790,3510,1460,0,1
"6951",5,3,51,88,162,2030000,523000,119000,86800,6730,31200,11700,4580,0,1
"6952",5,3,57,84,4,1130000,373000,66300,54700,37000,38600,17300,7630,0,1
"6953",5,3,53,77,-19,314000,69900,15300,2090,2460,5380,5160,3950,0,1
"6954",5,3,60,63,112,792000,44100,20800,7820,6860,6840,3860,1080,0,1
"6955",5,3,56,54,-41,2350000,490000,11200,64500,36200,19900,20700,13400,0,1
"6956",5,3,43,44,33,325000,268000,13700,14900,10100,6840,6230,1320,0,1
"6957",5,3,50,51,89,269000,51900,23800,8640,10800,9420,4870,1370,0,1
"6958",5,3,47,41,-269,622000,490000,58100,26200,81200,41700,14200,9620,0,1
"6959",5,3,54,47,-43,1020000,25600,2180,7000,3530,2290,1840,1150,0,1
"6960",5,3,70,56,84,779000,510000,81400,97600,39800,64000,38600,9540,0,1
"6961",5,3,44,53,0,1520000,194000,73900,6880,35000,3430,5250,3920,0,1
"6962",5,3,51,56,-57,277000,40900,4590,6320,2760,6720,2060,1370,0,1
"6963",5,3,53,51,345,451000,145000,6620,18800,21300,11300,7830,8570,0,1
"6964",5,3,41,50,19,734000,46600,10200,991,2570,2130,787,1550,0,1
"6965",5,3,69,56,-28,984000,343000,189000,118000,23400,73700,18800,5650,0,1
"6966",5,3,56,60,86,1810000,816000,245000,116000,129000,52400,21600,34000,0,1
"6967",5,3,51,78,59,809000,48000,70700,10400,19600,5690,5400,3150,0,1
"6968",5,3,51,75,-18,1030000,198000,18700,13500,13900,9390,8950,2800,0,1
"6969",5,3,40,57,104,898000,821000,55200,56600,60700,42100,18500,5020,0,1
"6970",5,3,35,57,11,285000,163000,49900,8930,10500,6900,4470,2320,0,1
"6971",5,3,29,38,-61,403000,2e+05,14800,7760,6260,5870,6780,2520,0,1
"6972",5,3,35,54,122,619000,60600,59800,14400,17300,10200,6010,5030,0,1
"6973",5,3,26,51,34,2050000,834000,42400,39300,30100,19300,12000,10900,0,1
"6974",5,3,20,41,4,156000,57100,4310,1020,2070,1050,623,402,0,1
"6975",5,3,37,56,41,2190000,131000,50000,84400,63300,30600,17300,17800,0,1
"6976",5,3,26,40,71,629000,214000,10500,22100,14400,7500,4880,2950,0,1
"6977",5,3,43,51,-17,1260000,241000,95800,13400,55000,32500,14100,6820,0,1
"6978",5,3,44,53,104,184000,267000,28800,7850,10600,6480,4510,1110,0,1
"6979",5,3,38,47,53,489000,368000,99000,17900,46500,28600,14700,5900,0,1
"6980",5,3,43,60,-56,1450000,324000,195000,49400,31900,25700,10900,10900,0,1
"6981",5,3,37,53,155,1280000,58900,5790,5870,7360,3930,2140,1700,0,1
"6982",5,3,41,70,-10,2420000,125000,86600,62300,31600,7780,12000,4530,0,1
"6983",5,3,43,78,22,1050000,74600,35200,24100,19700,8610,4020,2510,0,1
"6984",5,3,43,66,-30,247000,32200,6730,205,1420,1870,1260,519,0,1
"6985",5,3,29,74,96,789000,153000,23300,26300,8470,3780,1310,1560,0,1
"6986",5,3,38,61,-44,936000,48900,8570,7400,6200,3620,1930,1530,0,1
"6987",5,3,43,56,73,2160000,347000,101000,42400,43100,43200,7710,14100,0,1
"6988",5,3,38,56,27,2220000,406000,52900,23200,16800,15800,13800,13600,0,1
"6989",5,3,48,56,-4,1290000,583000,168000,24100,23300,30900,24100,6170,0,1
"6990",5,3,56,51,96,413000,35900,4810,2250,3880,4360,1130,914,0,1
"6991",5,3,35,41,102,377000,256000,20300,9280,9670,4340,3150,2780,0,1
"6992",5,3,41,44,1,2e+06,254000,54000,32200,30100,17800,5680,12600,0,1
"6993",5,3,43,27,-42,1540000,1190000,38800,13100,60000,61600,16900,7510,0,1
"6994",5,3,43,34,86,1150000,50400,18400,3190,18200,8090,4810,3680,0,1
"6995",5,3,51,44,0,743000,63800,21200,5820,4350,2980,2520,1900,0,1
"6996",5,3,54,47,-40,1590000,318000,91100,64600,63400,32300,13300,10600,0,1
"6997",5,3,66,64,-73,615000,41600,7350,9330,6770,7820,1730,1780,0,1
"6998",5,3,57,51,122,1370000,97700,6120,856,10200,5910,2700,1320,0,1
"6999",5,3,66,37,-20,357000,559000,4450,40400,32600,43200,8430,12400,0,1
"7000",5,3,61,40,53,413000,67100,18900,27800,12400,4690,2540,1400,0,1
"7001",5,3,50,35,170,273000,666000,83000,28000,13300,35400,14600,3880,0,1
"7002",5,3,44,38,87,347000,88700,5770,3960,5720,3820,3240,1040,0,1
"7003",5,3,40,47,-21,572000,183000,21100,11700,10600,10100,10800,3170,0,1
"7004",5,4,51,63,-145,826000,553000,114000,79200,59700,67400,51300,7690,0,0
"7005",5,4,53,54,-94,876000,119000,4820,27800,15400,18100,14000,2550,0,0
"7006",5,4,48,56,153,2e+05,45400,10000,9660,4420,3320,1420,479,0,0
"7007",5,4,50,38,-1,2200000,109000,10900,17800,7660,13200,11600,3390,0,0
"7008",5,4,44,51,-10,892000,68400,20300,50100,8750,8700,10300,1130,0,0
"7009",5,4,37,70,178,109000,15300,22500,1640,1430,1920,1600,675,0,0
"7010",5,4,48,84,-11,1010000,75900,40000,125000,31100,31400,36100,6680,0,0
"7011",5,4,48,84,85,522000,13900,5310,2160,3830,1930,1360,472,0,0
"7012",5,4,34,88,-13,538000,217000,62600,1070,4910,6470,15500,989,0,0
"7013",5,4,37,91,84,510000,226000,91500,236000,13800,45100,35700,4790,0,0
"7014",5,4,47,90,-22,131000,9680,11000,4750,2470,3740,2450,217,0,0
"7015",5,4,40,87,26,907000,273000,317000,13100,83500,48800,30300,15600,0,0
"7016",5,4,48,100,-82,742000,172000,217000,42500,61700,21800,26500,11300,0,0
"7017",5,4,61,70,276,119000,18200,2180,467,3270,6890,1380,511,0,0
"7018",5,4,60,53,54,298000,141000,27000,6490,9760,19000,15900,569,0,0
"7019",5,4,67,51,-40,465000,58000,21600,41600,14100,19500,7320,1790,0,0
"7020",5,4,67,51,-404,277000,68800,1920,2430,1120,5430,1540,466,0,0
"7021",5,4,75,40,-75,1420000,356000,114000,65900,45700,53800,20300,5840,0,0
"7022",5,4,61,61,217,1780000,2e+05,70900,94500,35100,30100,21600,7510,0,0
"7023",5,4,56,74,354,1100000,427000,183000,133000,41300,55800,25200,10100,0,0
"7024",5,4,50,61,-129,536000,155000,19200,26500,8290,16600,9800,913,0,0
"7025",5,4,53,57,306,97500,18900,2790,4670,5660,3520,3140,307,0,0
"7026",5,4,48,51,140,1380000,163000,23200,35600,12000,9510,6360,1740,0,0
"7027",5,4,51,53,24,97000,48600,41500,5780,8160,9280,6120,2430,0,0
"7028",5,4,50,57,19,798000,138000,17700,52900,891,15400,7520,807,0,0
"7029",5,4,47,64,84,292000,59000,29500,15200,25100,8860,8220,2320,0,0
"7030",5,4,51,57,64,983000,141000,10100,18700,9580,13000,7050,1940,0,0
"7031",5,4,53,56,17,1570000,235000,97900,107000,51700,58200,38700,4470,0,0
"7032",5,4,57,51,233,83000,38500,7700,6200,3610,7120,681,728,0,0
"7033",5,4,74,44,21,72400,15600,4810,1830,2390,7960,1460,466,0,0
"7034",5,4,74,63,26,165000,53600,31400,34600,7680,8360,8040,823,0,0
"7035",5,4,63,37,117,101000,163000,7750,4100,11900,8320,7120,2040,0,0
"7036",5,4,50,40,213,1150000,464000,84800,117000,49600,22900,21200,2150,0,0
"7037",5,4,34,47,-26,53500,22900,9100,3680,4220,2600,1270,145,0,0
"7038",5,4,37,29,-44,2980000,499000,99100,64200,34300,69100,26200,8380,0,0
"7039",5,4,44,63,-83,1900000,189000,268000,51900,45800,54300,35400,4340,0,0
"7040",5,4,66,66,290,226000,37800,21200,13400,18500,21500,8140,483,0,0
"7041",5,4,66,64,32,1980000,393000,56000,110000,27200,43300,21500,5280,0,0
"7042",5,4,60,70,-33,513000,363000,118000,90300,48800,32900,39800,2560,0,0
"7043",5,4,53,69,-40,669000,67200,29500,50400,8370,6940,4420,1180,0,0
"7044",5,4,43,64,274,107000,13900,2570,2790,1620,2410,1860,313,0,0
"7045",5,4,38,64,224,282000,166000,12400,58800,9220,9900,7470,1730,0,0
"7046",5,4,35,66,-65,2010000,436000,103000,153000,46300,29400,22900,6450,0,0
"7047",5,4,38,60,-72,699000,79500,33500,15700,4720,9680,5710,1010,0,0
"7048",5,4,40,64,282,128000,23500,6780,5520,1470,5020,1800,673,0,0
"7049",5,4,37,53,36,684000,216000,23800,10900,21000,7440,10300,1560,0,0
"7050",5,4,54,47,-66,1260000,127000,23500,31400,21000,54800,35200,3660,0,0
"7051",5,4,50,38,-122,133000,122000,25000,8600,9460,7120,5980,641,0,0
"7052",5,4,48,41,185,79300,11900,6680,3650,2080,2560,2400,185,0,0
"7053",5,4,63,44,101,461000,82100,15500,4270,10400,13000,11900,1120,0,0
"7054",5,4,41,47,16,1170000,673000,150000,109000,20200,29200,29100,10800,0,0
"7055",5,4,53,53,-195,143000,10500,4040,2380,1100,3030,2800,255,0,0
"7056",5,4,50,53,-38,106000,17100,8130,3430,1400,2210,1770,576,0,0
"7057",5,4,34,60,246,791000,747000,234000,79500,56200,26800,20200,6230,0,0
"7058",5,4,38,51,54,109000,48000,5750,2560,4770,2610,2800,289,0,0
"7059",5,4,27,44,-12,384000,290000,44000,31400,9750,23500,10200,2390,0,0
"7060",5,4,23,27,-62,88400,37500,3010,2410,2890,2260,959,178,0,0
"7061",5,4,23,10,106,131000,546000,17900,25300,5190,14200,4720,1390,0,0
"7062",5,4,24,20,-18,242000,91000,18800,21200,5010,6740,7180,1590,0,0
"7063",5,4,30,23,227,261000,22600,4480,4730,2000,3870,744,395,0,0
"7064",5,4,37,26,-23,225000,27000,3230,3230,4500,3300,1980,324,0,0
"7065",5,4,51,48,18,733000,236000,83700,59000,26700,34700,36200,5270,0,0
"7066",5,4,56,53,-102,374000,79400,48100,9800,9140,12600,14800,1070,0,0
"7067",5,4,57,69,192,1960000,85700,141000,105000,23900,53000,44300,7640,0,0
"7068",5,4,64,74,179,353000,66200,15200,7110,1080,14700,7450,1030,0,0
"7069",5,4,67,77,-6,105000,15200,8690,3190,2350,3380,1270,399,0,0
"7070",5,4,64,69,-147,671000,120000,13600,38100,7470,12700,2720,1860,0,0
"7071",5,4,56,43,92,219000,189000,22900,6710,4030,12800,10100,516,0,0
"7072",5,4,37,48,38,935000,69100,55600,12900,9890,7400,5430,1470,0,0
"7073",5,4,37,48,23,57700,6750,2680,745,207,855,465,107,0,0
"7074",5,4,40,51,-66,1840000,304000,188000,9990,39100,57400,16500,10300,0,0
"7075",5,4,37,61,119,109000,166000,41000,18900,6460,8820,11100,806,0,0
"7076",5,4,50,63,21,320000,54000,16200,8910,14100,15100,4370,1370,0,0
"7077",5,4,57,57,225,722000,44700,3910,36900,10900,12100,8920,1370,0,0
"7078",5,4,54,67,-82,257000,13200,14800,4470,2200,2410,1730,332,0,0
"7079",5,4,67,69,215,70600,22500,5870,7130,664,5920,1280,209,0,0
"7080",5,4,57,69,-20,845000,111000,20500,14500,3950,10100,3340,2280,0,0
"7081",5,4,53,75,226,219000,9160,4820,5250,1130,1660,1160,346,0,0
"7082",5,4,53,67,48,475000,67300,37200,18800,7140,9940,9340,1110,0,0
"7083",5,4,37,64,-78,260000,228000,50100,28900,10200,10300,4180,1550,0,0
"7084",5,4,40,69,-98,96200,32900,13800,2420,2630,3670,2470,492,0,0
"7085",5,4,34,57,226,62700,33000,9970,3080,2020,2200,1370,775,0,0
"7086",5,4,43,57,189,383000,8620,4310,3470,1920,3540,1360,269,0,0
"7087",5,4,48,47,-11,90000,49800,3260,3110,2450,2960,1170,232,0,0
"7088",5,4,48,50,-155,399000,67900,34900,7480,2910,8430,7420,615,0,0
"7089",5,4,51,50,66,587000,416000,121000,37200,25300,43700,25500,6670,0,0
"7090",5,4,37,38,211,264000,166000,18200,21500,5120,8720,6000,1400,0,0
"7091",5,4,50,48,13,759000,43200,9130,8790,7320,11500,5220,2380,0,0
"7092",5,4,50,47,34,79100,13000,999,6310,1430,1630,1210,236,0,0
"7093",5,4,57,44,-71,102000,12600,3740,1280,2190,2950,3970,337,0,0
"7094",5,4,66,40,147,90600,26900,3810,1760,3000,3390,1050,327,0,0
"7095",5,4,54,60,8,1340000,191000,416000,28500,40100,36200,27200,6630,0,0
"7096",5,4,53,54,150,124000,24800,4010,7940,6970,2750,1310,307,0,0
"7097",5,4,48,54,250,265000,85200,17600,12300,10300,12000,4790,5560,0,0
"7098",5,4,43,67,-113,2880000,390000,97100,137000,82200,38000,30600,6120,0,0
"7099",5,4,48,44,-170,635000,105000,9090,18500,17700,13800,6430,1030,0,0
"7100",5,4,51,48,259,192000,134000,64600,7420,9980,20000,15200,1610,0,0
"7101",5,4,47,35,132,113000,97000,3320,5390,2000,5970,1480,611,0,0
"7102",5,4,47,30,28,174000,93000,24700,10200,8940,7810,5730,2020,0,0
"7103",5,4,35,30,-109,1750000,2250000,442000,30900,204000,89300,81100,27800,0,0
"7104",5,4,37,38,5,323000,55200,34500,24300,9130,12700,10000,849,0,0
"7105",5,4,37,74,35,328000,31000,57900,41600,7860,7760,7000,1370,0,0
"7106",5,4,34,77,20,1010000,2470000,494000,646000,181000,143000,140000,11600,0,0
"7107",5,4,41,88,160,392000,70900,37200,11700,5000,8460,8570,1600,0,0
"7108",5,4,40,90,-149,941000,202000,152000,1e+05,34600,47600,17100,4960,0,0
"7109",5,4,41,78,-38,65700,82600,60100,9250,12500,11400,6200,784,0,0
"7110",5,4,43,87,-22,733000,179000,191000,35000,40400,20100,26300,3030,0,0
"7111",5,4,44,83,202,237000,10500,3930,2150,1280,1520,1450,329,0,0
"7112",5,4,34,70,84,257000,158000,41700,11700,8260,6770,5260,1210,0,0
"7113",5,4,21,60,-4,63000,61700,13000,3550,3170,1760,4160,176,0,0
"7114",5,4,29,38,-189,471000,82000,5550,8590,7390,9940,6700,1510,0,0
"7115",5,4,29,44,70,180000,13900,6970,6690,1190,2420,1670,201,0,0
"7116",5,4,48,34,214,153000,18300,2380,596,3840,4290,975,195,0,0
"7117",5,4,64,43,-1,198000,49100,16900,18000,4790,9450,6990,1360,0,0
"7118",5,4,66,53,74,524000,93700,11300,25700,5390,14500,3040,1710,0,0
"7119",5,4,67,57,-19,77200,9650,2560,11900,2110,2450,1360,431,0,0
"7120",5,5,50,54,218,581000,30800,9050,6600,8470,4690,1750,1840,1,1
"7121",5,5,44,69,18,832000,352000,132000,19200,29600,19100,12200,3340,1,1
"7122",5,5,43,60,56,594000,217000,38400,53600,83400,16000,4910,4880,1,1
"7123",5,5,47,51,45,2230000,1320000,61400,194000,46000,216000,30800,22400,1,1
"7124",5,5,37,40,41,314000,99500,5520,8520,6750,5620,5740,3690,1,1
"7125",5,5,44,40,-163,426000,52200,21000,8830,14100,5830,1250,1360,1,1
"7126",5,5,47,40,85,1750000,970000,266000,62500,179000,76200,61500,43300,1,1
"7127",5,5,38,60,-2,1760000,119000,127000,45800,23900,19900,15100,3540,1,1
"7128",5,5,53,67,-56,581000,139000,19900,26400,11800,28800,12800,2860,1,1
"7129",5,5,50,70,107,2720000,525000,189000,203000,117000,48300,63700,26400,1,1
"7130",5,5,50,67,59,556000,286000,53200,11300,38300,20500,7550,6850,1,1
"7131",5,5,47,50,-27,711000,269000,19300,49000,38300,20300,15800,3850,1,1
"7132",5,5,30,57,-153,819000,297000,127000,63700,32400,24400,9300,4090,1,1
"7133",5,5,27,48,132,1360000,1620000,257000,148000,78200,66400,30200,21300,1,1
"7134",5,5,21,53,51,101000,106000,28200,7290,7640,5740,3580,808,1,1
"7135",5,5,26,61,-183,728000,142000,64100,19100,24000,17800,9340,8480,1,1
"7136",5,5,35,56,-58,1520000,205000,75200,40900,80800,27300,7540,4020,1,1
"7137",5,5,41,64,179,417000,49600,9620,18800,6670,5090,1980,2520,1,1
"7138",5,5,50,63,-66,27700,52000,9470,10400,14700,6110,8060,1190,1,1
"7139",5,5,44,57,28,791000,258000,18600,67900,31800,18300,15000,2110,1,1
"7140",5,5,47,41,-36,669000,378000,22800,20000,53100,39400,18800,4580,1,1
"7141",5,5,48,41,167,964000,285000,63900,74200,35300,29000,11500,6560,1,1
"7142",5,5,48,56,12,488000,34000,24300,22600,2530,6350,4170,842,1,1
"7143",5,5,38,41,71,951000,843000,25700,35300,43300,21600,12000,7370,1,1
"7144",5,5,24,41,39,1050000,1740000,56700,137000,135000,64200,38900,9000,1,1
"7145",5,5,21,40,13,522000,82800,28000,5380,10400,7110,3420,749,1,1
"7146",5,5,35,24,-35,605000,79200,26400,18500,30200,29500,6520,1800,1,1
"7147",5,5,50,48,108,1180000,141000,101000,25800,83100,21300,11100,1950,1,1
"7148",5,5,69,56,22,1300000,114000,26400,14000,62000,26100,19300,3680,1,1
"7149",5,5,69,57,-108,865000,49700,4500,21100,4870,4240,2200,2520,1,1
"7150",5,5,63,63,136,2880000,306000,101000,160000,156000,81800,71800,7750,1,1
"7151",5,5,63,56,76,1190000,613000,85600,284000,358000,80700,57200,18000,1,1
"7152",5,5,41,63,-22,186000,104000,27700,7930,3570,3900,1650,667,1,1
"7153",5,5,44,63,-124,275000,40600,16900,8040,13500,4770,2430,1580,1,1
"7154",5,5,35,57,136,1290000,350000,97300,29500,13400,32300,12600,3770,1,1
"7155",5,5,30,64,53,1740000,167000,1e+05,21100,17500,17200,20900,3200,1,1
"7156",5,5,44,67,22,510000,88000,7600,34000,8320,10300,5170,364,1,1
"7157",5,5,37,66,-57,1410000,1200000,450000,58600,169000,59900,62300,10100,1,1
"7158",5,5,50,63,182,90400,8080,2300,1440,4800,2160,501,498,1,1
"7159",5,5,48,47,-20,60100,138000,6860,9580,4820,9030,4140,722,1,1
"7160",5,5,40,41,27,1360000,1740000,252000,270000,141000,91100,96300,12900,1,1
"7161",5,5,50,44,-6,1640000,91400,31700,51700,32400,13200,13100,5620,1,1
"7162",5,5,40,63,42,862000,115000,108000,84100,9190,27000,15000,4770,1,1
"7163",5,5,44,78,-1,145000,45000,18900,9000,3030,5880,5160,803,1,1
"7164",5,5,74,88,136,308000,18400,16700,7780,5420,16800,3480,1410,1,1
"7165",5,5,67,64,0,659000,454000,24000,15500,27900,27100,11400,6320,1,1
"7166",5,5,69,53,-136,1830000,182000,38600,50800,14800,27400,8960,3350,1,1
"7167",5,5,69,50,-21,520000,214000,65400,44000,54700,25900,21100,4500,1,1
"7168",5,5,43,29,132,126000,99700,6030,4100,4900,5310,5830,1080,1,1
"7169",5,5,29,41,28,351000,765000,154000,28200,44800,17600,15400,3810,1,1
"7170",5,5,41,27,-171,1080000,133000,18900,6880,42700,39900,18600,3350,1,1
"7171",5,5,40,37,154,1470000,103000,71600,42200,10100,14900,21700,3240,1,1
"7172",5,5,50,43,85,752000,305000,35400,20100,21400,38500,11000,2630,1,1
"7173",5,5,60,60,-17,1390000,741000,463000,489000,40500,70100,19900,8240,1,1
"7174",5,5,35,78,-28,1050000,201000,94300,68500,28500,12000,30700,2490,1,1
"7175",5,5,34,63,139,138000,112000,23400,4270,4160,8410,7840,1520,1,1
"7176",5,5,27,75,-18,578000,46100,12000,9690,3540,5280,4480,1020,1,1
"7177",5,5,35,67,-19,854000,1370000,853000,124000,56700,149000,97500,9990,1,1
"7178",5,5,51,61,141,609000,1830000,436000,99100,80400,107000,62500,12400,1,1
"7179",5,5,44,43,-24,778000,747000,43900,16000,24700,34900,14400,6070,1,1
"7180",5,5,41,38,43,2320000,1230000,266000,213000,101000,84100,37800,14600,1,1
"7181",5,5,27,38,24,709000,226000,58500,35800,19600,19200,5040,3220,1,1
"7182",5,5,37,51,35,183000,31400,21200,13700,3410,6210,1990,2550,1,1
"7183",5,5,24,53,-19,57700,124000,4520,6810,3510,2800,2390,911,1,1
"7184",5,5,27,57,161,486000,34800,10800,14500,3250,3470,1500,1960,1,1
"7185",5,5,34,60,24,456000,42000,13600,6240,6210,6300,4200,1330,1,1
"7186",5,5,38,53,-29,1280000,189000,58500,69600,20900,44600,9190,5090,1,1
"7187",5,5,47,44,40,145000,172000,1540,4380,4450,6280,3910,728,1,1
"7188",5,5,64,34,160,649000,126000,10700,21900,48200,34500,5660,5100,1,1
"7189",5,5,67,37,35,304000,41100,16300,7390,2960,7840,2050,417,1,1
"7190",5,5,64,24,-104,1900000,710000,96700,67900,186000,94000,99400,18000,1,1
"7191",5,5,67,41,98,1120000,681000,102000,13200,40000,39800,11100,5730,1,1
"7192",5,5,60,51,57,393000,170000,58500,47200,9900,34300,16200,4090,1,1
"7193",5,5,56,47,-20,709000,194000,24500,35500,13300,23800,13100,3670,1,1
"7194",5,5,50,66,-94,1550000,502000,513000,289000,108000,76600,31100,7360,1,1
"7195",5,5,56,83,199,695000,142000,138000,18900,21800,26400,12400,7420,1,1
"7196",5,5,47,80,-10,412000,201000,48700,43100,75300,15500,8740,6190,1,1
"7197",5,5,38,90,-36,904000,711000,394000,331000,208000,60600,74800,22400,1,1
"7198",5,5,41,80,-11,291000,48800,11700,9490,1310,5640,3800,570,1,1
"7199",5,5,41,75,188,1040000,257000,157000,30600,21400,36000,13900,8940,1,1
"7200",5,5,34,66,-38,1900000,321000,23300,25000,14600,12000,4630,4080,1,1
"7201",5,5,44,53,66,42800,18200,2690,1190,1820,2340,874,252,1,1
"7202",5,5,35,43,7,771000,633000,99300,8470,25700,28400,8590,3860,1,1
"7203",5,5,35,47,75,264000,36600,24000,8220,4100,6040,2930,2190,1,1
"7204",5,5,50,60,-57,458000,186000,77500,51600,27300,31900,16100,4040,1,1
"7205",5,5,50,56,114,316000,53300,3100,6210,5480,7630,2060,1190,1,1
"7206",5,5,63,75,87,999000,119000,4870,154000,5250,29800,13100,2930,1,1
"7207",5,5,54,69,-59,1110000,318000,50100,90500,23800,17800,5050,10500,1,1
"7208",5,5,37,57,-29,508000,325000,44500,36100,58800,10000,11600,6810,1,1
"7209",5,5,30,70,185,54900,37500,16900,3910,5840,4390,6110,1320,1,1
"7210",5,5,21,70,-37,2730000,643000,688000,154000,120000,71500,27900,15300,1,1
"7211",5,5,34,61,-42,651000,78700,8050,6800,6240,9320,4180,1000,1,1
"7212",5,5,48,61,54,702000,48900,11000,1960,8480,4680,2210,1450,1,1
"7213",5,5,50,61,140,1850000,120000,69100,10100,21800,18900,9500,3580,1,1
"7214",5,5,53,47,-2,685000,209000,43400,11100,23800,16700,12400,3310,1,1
"7215",5,5,47,56,-84,2820000,1310000,520000,233000,192000,117000,56000,10600,1,1
"7216",5,5,40,51,170,243000,117000,8930,5730,8310,6710,2480,1570,1,1
"7217",5,5,35,35,64,645000,125000,6040,8330,3980,7700,2890,575,1,1
"7218",5,5,43,44,-9,90700,25400,13400,9110,10500,5680,2660,1670,1,1
"7219",5,5,53,50,-65,669000,21600,26200,2060,5440,6710,5100,556,1,1
"7220",5,5,69,66,114,328000,20600,10700,8870,4910,6150,2470,466,1,1
"7221",5,5,67,74,-14,63500,15500,2790,792,614,1010,684,152,1,1
"7222",5,5,64,77,4,527000,98100,46000,62600,30600,18800,15300,4280,1,1
"7223",5,5,51,60,45,936000,263000,18100,33300,34300,15300,5510,3290,1,1
"7224",5,5,40,54,312,308000,56900,16600,9050,10800,5630,2430,2320,1,1
"7225",5,5,29,54,-91,232000,88300,5450,11800,7820,2600,1810,1010,1,1
"7226",5,5,30,51,38,226000,23400,12600,5600,5540,4590,5320,604,1,1
"7227",5,5,44,60,41,2610000,634000,221000,133000,57300,142000,52400,14300,1,1
"7228",5,5,56,63,-133,259000,194000,61400,53500,16200,50700,11500,8020,1,1
"7229",5,5,66,57,-36,1390000,640000,39600,29700,39700,33600,23100,5400,1,1
"7230",5,5,80,54,163,968000,518000,140000,216000,161000,275000,33800,17600,1,1
"7231",5,5,74,47,-36,344000,377000,31500,52500,31000,33800,9150,2430,1,1
"7232",5,5,74,44,-66,1860000,140000,53600,19100,20300,33400,21400,4250,1,1
"7233",5,5,77,60,52,76000,47200,14300,12800,5990,5080,4990,538,1,1
"7234",5,5,67,51,121,73100,35700,3620,4000,3640,7250,3570,2840,1,1
"7235",5,5,69,61,-23,588000,140000,58500,45200,26400,21900,22000,1650,1,1
"7236",5,5,53,66,-92,983000,675000,128000,427000,134000,59200,30600,12400,1,1
"7237",5,5,66,69,65,588000,95300,82000,8980,26500,30000,8890,7300,1,1
"7238",5,5,50,63,122,2190000,372000,13100,21100,28600,20200,14500,2870,1,1
"7239",5,5,43,56,53,301000,64000,11700,10100,7330,5110,3000,1090,1,1
"7240",5,5,57,48,-61,333000,51300,8240,11300,15500,10900,2800,1170,1,1
"7241",5,5,38,37,150,687000,1500000,164000,175000,182000,60000,85900,15600,1,1
"7242",5,5,44,56,122,378000,28500,18100,10200,12000,4510,2230,1180,1,1
"7243",5,6,51,61,-82,804000,1190000,63800,76900,38400,44100,17000,5500,1,1
"7244",5,6,60,51,210,205000,15100,2180,2000,1210,3260,2510,203,1,1
"7245",5,6,56,60,2,95400,5340,6450,3640,1510,2710,1590,285,1,1
"7246",5,6,51,61,8,805000,321000,156000,45600,26600,50000,34600,2900,1,1
"7247",5,6,66,78,-102,1900000,862000,658000,79300,184000,189000,176000,15800,1,1
"7248",5,6,53,87,163,1200000,301000,103000,93900,23600,27800,25200,3880,1,1
"7249",5,6,43,83,-264,938000,90500,59800,19800,5640,11600,3090,1860,1,1
"7250",5,6,35,88,520,649000,148000,55900,65500,13000,13800,5630,3900,1,1
"7251",5,6,27,81,-263,657000,160000,31800,27500,14700,15200,5320,1720,1,1
"7252",5,6,38,81,261,545000,58600,39400,3640,8620,11400,4480,2110,1,1
"7253",5,6,40,74,-71,670000,75100,7540,21900,10400,7420,3250,1760,1,1
"7254",5,6,41,64,48,992000,1340000,382000,180000,2e+05,107000,70000,32100,1,1
"7255",5,6,35,61,-6,2400000,1870000,374000,72400,95300,93600,121000,12300,1,1
"7256",5,6,41,57,101,447000,37100,12400,11000,4670,11700,2370,1750,1,1
"7257",5,6,37,56,-9,3010000,1520000,153000,293000,42200,104000,115000,40200,1,1
"7258",5,6,34,64,101,2040000,848000,565000,338000,189000,70500,84200,42800,1,1
"7259",5,6,43,74,74,126000,32000,12400,10600,9250,4940,6690,3540,1,1
"7260",5,6,35,66,-153,1400000,575000,114000,52100,56100,66600,28500,8090,1,1
"7261",5,6,38,66,12,703000,477000,34300,124000,23400,45400,10600,9810,1,1
"7262",5,6,50,56,122,236000,42100,12900,5680,12200,6330,5080,2910,1,1
"7263",5,6,43,60,41,1140000,451000,322000,129000,36600,42100,41200,7960,1,1
"7264",5,6,50,54,358,292000,64200,2370,10300,6790,7800,5460,4340,1,1
"7265",5,6,43,61,147,717000,383000,357000,15600,105000,48900,22700,12600,1,1
"7266",5,6,56,50,248,1930000,284000,44800,56100,79800,47100,11200,10700,1,1
"7267",5,6,56,53,-161,1010000,412000,116000,49900,16900,64500,9930,14700,1,1
"7268",5,6,54,77,197,210000,26900,51000,8740,6810,7250,4080,1600,1,1
"7269",5,6,57,70,141,423000,107000,40800,14500,5080,11300,6220,3730,1,1
"7270",5,6,53,78,113,685000,54700,7220,23400,11300,6920,4160,1560,1,1
"7271",5,6,48,78,19,2350000,342000,76700,51500,32700,36900,10000,9890,1,1
"7272",5,6,48,70,50,435000,206000,152000,65300,39200,34800,13600,14800,1,1
"7273",5,6,53,67,-28,234000,108000,16000,30700,13600,18100,12900,2460,1,1
"7274",5,6,51,77,216,1300000,105000,101000,40800,50400,19900,15900,14200,1,1
"7275",5,6,53,67,37,1580000,378000,13400,65700,107000,34300,12800,11100,1,1
"7276",5,6,54,64,-17,721000,279000,104000,119000,32700,56200,34200,13100,1,1
"7277",5,6,51,74,9,1880000,272000,234000,48700,75300,50300,25700,13600,1,1
"7278",5,6,43,69,150,1380000,1210000,609000,328000,162000,84200,131000,60800,1,1
"7279",5,6,38,77,-42,644000,294000,36200,54100,67000,22100,23600,5380,1,1
"7280",5,6,38,66,-41,579000,329000,44100,60200,30800,47500,8830,7950,1,1
"7281",5,6,37,63,90,2870000,1070000,548000,230000,225000,140000,53400,29000,1,1
"7282",5,6,47,51,213,607000,50400,5910,7440,8290,5750,1390,1070,1,1
"7283",5,6,60,47,-74,1440000,140000,11000,17600,21200,27000,11000,5600,1,1
"7284",5,6,40,41,-71,2560000,512000,23500,71300,27900,13100,5900,5380,1,1
"7285",5,6,43,47,167,1290000,28500,11600,21300,4720,6530,6830,1790,1,1
"7286",5,6,53,51,-35,730000,33400,6760,11000,11200,9340,2140,1800,1,1
"7287",5,6,43,64,25,787000,1730000,507000,582000,145000,199000,22800,11400,1,1
"7288",5,6,57,75,57,953000,310000,88100,35800,13000,27200,12500,9400,1,1
"7289",5,6,54,51,202,1560000,465000,33500,25100,35900,38400,11400,13200,1,1
"7290",5,6,44,47,60,1290000,327000,70600,15500,58900,37800,19700,10300,1,1
"7291",5,6,44,41,-42,1530000,1100000,344000,75200,84100,105000,80600,17100,1,1
"7292",5,6,50,57,-28,237000,10800,29700,6970,3340,4900,6710,1010,1,1
"7293",5,6,44,63,404,1490000,411000,58000,27800,32600,24800,19900,9290,1,1
"7294",5,6,30,66,-39,670000,136000,19000,19400,3210,5910,5650,2250,1,1
"7295",5,6,30,63,33,1240000,1110000,79900,233000,144000,82800,88100,18600,1,1
"7296",5,6,30,56,-44,641000,19600,23500,10600,5350,5850,5340,848,1,1
"7297",5,6,37,53,104,3490000,1340000,59900,105000,81800,108000,45500,26000,1,1
"7298",5,6,41,57,1,428000,251000,72100,90100,27500,21300,10700,5180,1,1
"7299",5,6,50,66,25,786000,70200,34500,23200,29300,15900,11800,2650,1,1
"7300",5,6,50,48,-65,203000,44300,2320,11500,18800,6600,1610,837,1,1
"7301",5,6,50,64,81,1070000,247000,56200,123000,39700,29800,33300,5810,1,1
"7302",5,6,44,63,-73,689000,271000,106000,34500,46900,14500,22500,3450,1,1
"7303",5,6,44,63,100,629000,40000,12100,15400,9270,9010,1630,4210,1,1
"7304",5,6,41,54,37,413000,106000,3550,7560,5820,8600,3010,1400,1,1
"7305",5,6,40,60,-42,421000,58100,55200,11200,12000,7930,2050,2300,1,1
"7306",5,6,64,44,73,130000,14000,300,1720,2150,4040,1460,221,1,1
"7307",5,6,57,48,88,1030000,196000,124000,30200,10200,25600,17300,6130,1,1
"7308",5,6,56,61,-51,1640000,183000,54400,22900,48200,17900,9290,7510,1,1
"7309",5,6,48,48,-65,2480000,1110000,210000,113000,79000,44000,58400,12500,1,1
"7310",5,6,16,56,91,771000,1530000,354000,24100,104000,42200,50200,18100,1,1
"7311",5,6,16,43,122,114000,77300,5850,10600,3020,7090,2900,772,1,1
"7312",5,6,14,37,35,898000,189000,29000,9790,34800,13100,8330,1970,1,1
"7313",5,6,21,50,-110,2e+06,649000,143000,655000,278000,87500,42200,18600,1,1
"7314",5,6,47,54,-27,221000,36500,13900,3500,3710,7740,3600,1470,1,1
"7315",5,6,35,63,68,895000,251000,91200,36900,37900,12100,11100,2530,1,1
"7316",5,6,29,63,34,171000,121000,15900,6360,3650,5170,8330,1340,1,1
"7317",5,6,41,61,35,1640000,547000,4e+05,126000,112000,150000,107000,9900,1,1
"7318",5,6,27,74,114,1110000,128000,78800,88200,28200,15500,17600,4080,1,1
"7319",5,6,43,67,-59,57600,14200,1760,3310,1660,2020,1810,265,1,1
"7320",5,6,54,81,117,489000,175000,102000,26000,19200,30700,7260,4220,1,1
"7321",5,6,47,81,2,614000,135000,48600,64000,12000,19100,18900,3950,1,1
"7322",5,6,54,64,-98,1860000,171000,33200,20200,36500,22100,12600,3710,1,1
"7323",5,6,54,66,-105,146000,73000,5920,25300,10200,10200,3250,742,1,1
"7324",5,6,56,63,119,722000,48000,18700,9360,5470,8870,7220,919,1,1
"7325",5,6,44,50,112,1100000,358000,29100,42500,31600,14200,5940,6700,1,1
"7326",5,6,29,48,-35,602000,396000,23100,79600,68600,14500,16300,3050,1,1
"7327",5,6,10,43,87,641000,777000,40900,143000,5360,18300,18500,1820,1,1
"7328",5,6,7,34,124,70500,55300,7790,3440,6060,6700,5220,1150,1,1
"7329",5,6,27,34,-89,589000,49900,3530,9110,12600,10800,4670,1070,1,1
"7330",5,6,41,35,-60,284000,209000,38000,32200,55100,22700,10700,5770,1,1
"7331",5,6,43,38,185,1120000,638000,185000,38200,19700,20400,11900,4220,1,1
"7332",5,6,48,51,322,77400,51200,13600,23700,4590,12900,6440,972,1,1
"7333",5,6,35,64,29,815000,99800,25900,33200,3020,8640,5670,2880,1,1
"7334",5,6,35,81,-121,887000,514000,397000,372000,90200,95900,39100,24800,1,1
"7335",5,6,48,78,-35,199000,126000,20600,13400,11300,9790,5010,2050,1,1
"7336",5,6,41,81,9,1100000,54700,44400,12700,14000,9240,7030,2130,1,1
"7337",5,6,24,53,145,331000,814000,17600,17600,65100,14200,17700,7460,1,1
"7338",5,6,21,38,9,1350000,183000,13800,40800,12100,14200,19500,7150,1,1
"7339",5,6,14,38,91,1040000,735000,176000,28200,22200,32200,14100,2990,1,1
"7340",5,6,16,27,-62,2320000,1940000,569000,167000,165000,270000,50300,25500,1,1
"7341",5,6,41,44,9,1700000,497000,72900,44800,67600,75100,17900,35100,1,1
"7342",5,6,50,64,-9,1160000,59400,104000,62700,13100,24500,7890,3610,1,1
"7343",5,6,70,74,-45,566000,28100,15900,10200,10900,10900,2890,1540,1,1
"7344",5,6,63,84,112,342000,143000,124000,25300,13500,16200,6570,5570,1,1
"7345",5,6,61,91,91,1160000,215000,63000,38500,64800,32400,14500,6170,1,1
"7346",5,6,54,69,-20,206000,56400,14100,4960,5010,4790,4670,937,1,1
"7347",5,6,63,74,-55,940000,51500,60400,30700,30600,52600,7400,5100,1,1
"7348",5,6,53,61,-296,559000,303000,27400,71500,29700,12000,19200,11600,1,1
"7349",5,6,53,61,44,733000,7110,9010,4110,1030,2250,2240,664,1,1
"7350",5,6,53,70,24,714000,182000,205000,36900,56000,41900,12000,6300,1,1
"7351",5,6,56,67,11,1530000,302000,66000,11900,38600,29000,23800,3310,1,1
"7352",5,6,35,51,13,2310000,467000,49000,25600,39000,34700,23100,1690,1,1
"7353",5,6,50,50,-106,306000,49500,10800,6190,9800,6390,3440,1950,1,1
"7354",5,6,37,37,113,89300,582000,29500,136000,18300,27700,15000,4860,1,1
"7355",5,6,48,30,-5,1150000,152000,6500,18900,27700,30900,9830,7130,1,1
"7356",5,6,48,35,-75,1090000,202000,35000,21100,60600,17800,15300,8060,1,1
"7357",5,6,41,37,-154,686000,266000,11200,73900,36400,16200,15300,5970,1,1
"7358",5,6,43,48,119,1030000,186000,143000,68000,46900,17500,10000,5980,1,1
"7359",5,7,51,77,48,389000,36200,112000,9720,19200,14300,10500,1730,1,0
"7360",5,7,50,84,-134,571000,53900,47400,7090,13600,9130,7520,1190,1,0
"7361",5,7,48,70,247,1930000,523000,15500,73000,28100,40800,35300,8420,1,0
"7362",5,7,50,63,-102,159000,220000,52200,13500,27100,41400,54500,3770,1,0
"7363",5,7,57,61,-40,58300,6170,8420,7290,1790,4190,2130,313,1,0
"7364",5,7,61,48,-89,979000,108000,15700,12800,5500,15900,6710,2050,1,0
"7365",5,7,61,63,234,581000,67800,26900,18300,13600,6670,10200,773,1,0
"7366",5,7,53,69,-1,781000,85300,13200,29100,10800,7850,7270,1460,1,0
"7367",5,7,37,38,-86,231000,217000,10800,12500,5860,10600,9100,1680,1,0
"7368",5,7,38,40,5,567000,95800,15700,12400,6190,16900,8610,1720,1,0
"7369",5,7,41,21,209,999000,145000,3270,16700,5970,13800,7300,1100,1,0
"7370",5,7,47,14,-29,35200,40300,8130,2880,1970,5300,818,545,1,0
"7371",5,7,44,24,37,384000,160000,16700,27900,12500,7340,11800,1380,1,0
"7372",5,7,38,20,-84,245000,128000,14700,6240,10900,11300,5010,1600,1,0
"7373",5,7,30,29,136,333000,132000,30100,13100,9560,6910,5770,758,1,0
"7374",5,7,24,35,-75,645000,123000,13700,37100,8980,9760,4000,1480,1,0
"7375",5,7,41,41,57,691000,64000,4810,44000,19100,18700,9390,611,1,0
"7376",5,7,40,57,38,298000,14200,3730,7320,2130,1660,1420,120,1,0
"7377",5,7,53,64,36,1260000,46300,27100,8270,9650,11700,12800,834,1,0
"7378",5,7,54,60,-40,43000,37100,5800,3210,1550,3100,1280,367,1,0
"7379",5,7,50,56,118,833000,341000,62700,96600,24600,60000,25000,8700,1,0
"7380",5,7,57,53,29,648000,72600,24800,20700,20800,14500,7640,1670,1,0
"7381",5,7,53,54,-108,84100,18600,6290,7300,2250,3470,867,480,1,0
"7382",5,7,63,69,119,113000,6900,1730,5760,1180,2600,1770,218,1,0
"7383",5,7,56,67,77,564000,102000,32900,12000,6350,8080,8600,790,1,0
"7384",5,7,60,60,25,169000,80200,12000,10500,4120,16100,7940,1340,1,0
"7385",5,7,61,67,-101,1230000,152000,62700,184000,17200,49300,41600,5030,1,0
"7386",5,7,63,54,215,777000,49100,1860,12800,5790,14800,6470,699,1,0
"7387",5,7,67,75,-13,786000,88600,164000,140000,18100,31100,30500,5920,1,0
"7388",5,7,63,94,-2,756000,50800,136000,34800,51100,22000,22000,1780,1,0
"7389",5,7,60,81,28,549000,69200,15800,12400,4400,8100,6350,531,1,0
"7390",5,7,41,81,50,688000,126000,24300,6800,21200,5710,8470,1460,1,0
"7391",5,7,44,53,-77,146000,68200,9450,7040,30500,11400,8400,2780,1,0
"7392",5,7,40,34,141,496000,137000,23400,12300,3240,9280,7100,1020,1,0
"7393",5,7,35,29,35,288000,90600,13700,16600,12100,6930,9340,869,1,0
"7394",5,7,43,37,-49,1210000,328000,71900,87000,47400,39200,29400,3020,1,0
"7395",5,7,38,57,50,1830000,192000,73800,210000,18700,37400,33700,3200,1,0
"7396",5,7,56,69,161,848000,27000,8260,35500,7210,28300,9830,938,1,0
"7397",5,7,69,84,22,849000,28100,20900,24300,5180,14700,6740,1720,1,0
"7398",5,7,67,77,-131,109000,40200,5410,2540,1220,3280,1410,411,1,0
"7399",5,7,70,60,193,57000,32100,4570,3960,2850,3990,1940,453,1,0
"7400",5,7,51,47,23,185000,162000,9670,27800,8330,11100,3030,1280,1,0
"7401",5,7,40,37,-23,293000,95600,49800,6240,19800,11200,10500,1830,1,0
"7402",5,7,44,60,-19,1240000,123000,285000,4600,16100,49600,49300,3350,1,0
"7403",5,7,43,67,198,307000,78000,33300,9670,10400,9680,6060,1030,1,0
"7404",5,7,41,80,-299,38600,17900,4230,8520,3410,1380,990,244,1,0
"7405",5,7,50,69,41,76200,17600,1620,2380,1750,3170,603,364,1,0
"7406",5,7,50,53,-17,2230000,235000,59900,38800,33700,42800,44000,4630,1,0
"7407",5,7,51,40,153,176000,84400,5170,9930,3980,10300,4510,1330,1,0
"7408",5,7,63,27,-51,1570000,71800,2600,14300,8420,11400,6270,869,1,0
"7409",5,7,53,23,102,432000,195000,16500,11200,9900,11700,5200,724,1,0
"7410",5,7,48,26,84,638000,77200,38900,8950,9690,10400,4760,2730,1,0
"7411",5,7,56,40,10,926000,230000,13000,110000,14100,81400,35600,4110,1,0
"7412",5,7,53,51,4,930000,475000,212000,103000,15400,84600,31000,5300,1,0
"7413",5,7,61,54,182,2360000,275000,32200,27800,18700,36900,16200,3130,1,0
"7414",5,7,77,48,21,383000,66500,7560,20600,2600,36500,2470,1380,1,0
"7415",5,7,74,54,-187,236000,10200,7600,2850,926,3460,2390,393,1,0
"7416",5,7,87,53,84,168000,4950,3340,1280,2330,3590,1710,1030,1,0
"7417",5,7,84,57,139,259000,25400,1150,7030,672,3070,1320,598,1,0
"7418",5,7,70,54,-7,92100,19800,1280,3520,2350,2410,1720,330,1,0
"7419",5,7,74,50,-115,74800,16800,7320,3010,977,5110,2720,239,1,0
"7420",5,7,60,47,202,990000,468000,128000,74200,52200,74600,22700,3550,1,0
"7421",5,7,57,48,57,176000,96500,20300,13800,4730,10500,7090,2000,1,0
"7422",5,7,57,70,7,1070000,27900,39300,38300,10100,10000,8060,2870,1,0
"7423",5,7,63,77,-4,823000,14000,6540,13100,4250,8440,8380,1150,1,0
"7424",5,7,54,78,103,1280000,519000,150000,75500,67200,44200,31500,5120,1,0
"7425",5,7,47,74,-129,272000,131000,15300,17900,10800,6090,1850,851,1,0
"7426",5,7,54,56,99,832000,48200,559,26200,8620,16700,9960,1570,1,0
"7427",5,7,47,57,-2,818000,79400,83800,12600,14200,18400,7250,1350,1,0
"7428",5,7,48,53,-44,173000,134000,22600,13900,9960,11600,10000,599,1,0
"7429",5,7,61,69,150,111000,10300,13800,2680,4270,3200,2470,408,1,0
"7430",5,7,47,53,146,725000,163000,4410,11400,8390,10300,4890,480,1,0
"7431",5,7,40,34,-6,386000,242000,32300,6590,2850,17600,9880,1080,1,0
"7432",5,7,60,40,-99,820000,34200,22400,8660,8180,26400,7690,1630,1,0
"7433",5,7,60,37,151,234000,43600,30500,21900,14000,11300,5570,1240,1,0
"7434",5,7,57,43,44,78500,24600,387,4100,2780,1450,2110,238,1,0
"7435",5,7,66,64,-11,656000,162000,168000,70700,32000,50400,30300,5020,1,0
"7436",5,7,53,51,-33,1800000,545000,45900,41900,21100,69400,20500,6620,1,0
"7437",5,7,43,40,138,419000,128000,27600,7620,9970,7850,4310,1840,1,0
"7438",5,7,48,51,-93,321000,70700,14500,23800,3750,7930,5220,1690,1,0
"7439",5,7,41,27,121,267000,120000,12100,3490,2710,11100,4150,936,1,0
"7440",5,7,40,35,43,104000,140000,16500,21500,6870,15200,13900,1070,1,0
"7441",5,7,37,35,-42,213000,143000,22400,16400,9400,8010,4190,2420,1,0
"7442",5,7,41,35,-12,520000,226000,25300,99700,16300,38900,21300,4010,1,0
"7443",5,7,43,40,171,438000,118000,5990,22100,8260,12800,8730,2590,1,0
"7444",5,7,41,48,4,565000,86100,28200,27400,16600,10100,3050,2270,1,0
"7445",5,7,44,40,-157,1910000,686000,48800,39200,28500,48000,13700,5710,1,0
"7446",5,7,44,37,242,425000,73200,14300,16700,6020,11300,6740,1360,1,0
"7447",5,7,40,47,49,172000,84300,25600,21200,4070,7350,8070,774,1,0
"7448",5,7,34,47,8,214000,78100,31700,12700,9230,4350,9860,1140,1,0
"7449",5,7,27,53,-4,683000,485000,81100,26000,13200,23100,29200,3530,1,0
"7450",5,7,26,54,104,1050000,215000,95800,21000,31200,31800,19400,5380,1,0
"7451",5,7,40,57,-77,1200000,160000,93800,99500,49400,67200,29400,2790,1,0
"7452",5,7,44,48,178,1290000,521000,17900,95000,20200,39100,28100,7390,1,0
"7453",5,7,56,40,-25,1500000,656000,30000,37800,13800,79800,25600,4450,1,0
"7454",5,7,51,40,-141,439000,127000,54700,7820,3370,10300,6000,976,1,0
"7455",5,7,40,20,199,180000,36900,3630,1100,1890,3350,1200,206,1,0
"7456",5,7,40,14,55,107000,31300,1070,3370,668,2130,1440,408,1,0
"7457",5,7,35,47,-50,199000,45600,73000,16300,2900,8910,6110,807,1,0
"7458",5,7,43,48,-12,537000,165000,87400,36800,42100,35300,21900,5760,1,0
"7459",5,7,43,50,125,416000,131000,6140,14300,2730,12000,8020,1510,1,0
"7460",5,7,47,67,-44,1130000,226000,50400,117000,31500,32900,44700,5700,1,0
"7461",5,7,40,47,176,1550000,649000,62000,94100,50700,28500,19400,6680,1,0
"7462",5,7,38,47,40,737000,60000,20000,18200,5290,8210,7560,1350,1,0
"7463",5,7,40,66,-154,2160000,208000,78700,121000,15300,33500,17100,3570,1,0
"7464",5,7,30,60,128,506000,571000,105000,120000,35600,32100,17900,6190,1,0
"7465",5,7,44,70,27,488000,47700,20200,15100,3370,11200,4400,1200,1,0
"7466",5,7,44,60,84,573000,172000,13900,19900,5530,17100,5260,835,1,0
"7467",5,7,43,60,-30,642000,40900,15500,30100,7090,6810,5150,3330,1,0
"7468",5,7,54,56,144,2050000,1070000,193000,140000,137000,165000,72700,49300,1,0
"7469",5,7,48,56,-45,362000,96900,21000,47200,7350,11800,5090,595,1,0
"7470",5,7,43,64,148,449000,125000,18800,35500,10700,9880,10000,1130,1,0
"7471",5,7,48,57,42,130000,10400,3700,3280,2500,1960,1610,187,1,0
"7472",5,8,38,41,-7,863000,282000,1460,14500,32500,9490,3750,4490,1,1
"7473",5,8,34,41,65,833000,30300,11400,8230,7810,2650,2310,963,1,1
"7474",5,8,43,48,24,1440000,169000,42700,8510,16100,19600,7340,2800,1,1
"7475",5,8,41,50,56,740000,110000,40000,73900,30800,17600,7680,3230,1,1
"7476",5,8,51,66,178,532000,258000,54200,22300,17900,24700,9170,4500,1,1
"7477",5,8,60,64,71,2140000,425000,210000,27200,36000,62900,46500,22400,1,1
"7478",5,8,70,78,-125,599000,8970,14900,1750,5430,5780,2180,746,1,1
"7479",5,8,74,74,145,681000,517000,204000,111000,39700,90000,22300,8830,1,1
"7480",5,8,77,74,69,1280000,123000,24500,14600,16100,14000,3540,4010,1,1
"7481",5,8,74,51,-35,763000,187000,7350,2130,26000,15400,4780,3630,1,1
"7482",5,8,56,30,33,1370000,240000,19100,20100,21200,15500,9140,1280,1,1
"7483",5,8,47,37,118,1210000,124000,104000,9930,12000,9570,6070,5210,1,1
"7484",5,8,38,44,-39,2060000,457000,304000,70100,222000,37800,40500,18200,1,1
"7485",5,8,29,64,118,1580000,825000,117000,187000,77100,41900,20900,14600,1,1
"7486",5,8,29,67,9,262000,48100,8770,3360,6800,3600,1790,718,1,1
"7487",5,8,43,56,-85,1670000,129000,25900,21200,46300,20500,4470,3090,1,1
"7488",5,8,41,53,90,525000,196000,74000,8640,19700,12900,11800,5680,1,1
"7489",5,8,40,51,86,669000,276000,34500,53300,14900,12700,4160,1850,1,1
"7490",5,8,29,56,-56,190000,90500,18600,12000,8510,3000,850,620,1,1
"7491",5,8,14,64,-38,947000,624000,337000,119000,73500,38200,28000,25900,1,1
"7492",5,8,21,63,118,1060000,165000,39600,26600,40100,19700,10200,4990,1,1
"7493",5,8,29,56,-7,142000,55500,4220,6030,5490,4270,3460,663,1,1
"7494",5,8,40,47,89,677000,273000,16000,17700,49200,18300,7660,2450,1,1
"7495",5,8,48,34,7,2140000,892000,110000,68200,62600,74100,55600,9570,1,1
"7496",5,8,48,38,-83,1840000,192000,120000,36800,44800,29800,6650,4680,1,1
"7497",5,8,48,47,226,1310000,249000,46800,57100,47900,20500,7520,2490,1,1
"7498",5,8,41,47,12,169000,264000,14200,22100,30500,10000,5600,1770,1,1
"7499",5,8,38,48,-10,812000,183000,12300,36100,55900,13300,8690,4040,1,1
"7500",5,8,34,44,88,1290000,177000,55100,37500,31700,17100,13500,4320,1,1
"7501",5,8,26,38,-8,2160000,1040000,93900,139000,284000,44200,20500,17700,1,1
"7502",5,8,34,37,-4,872000,1510000,87600,53000,23700,83700,21100,8850,1,1
"7503",5,8,48,43,66,2210000,242000,44800,71500,58800,63800,49200,10900,1,1
"7504",5,8,44,43,37,590000,177000,34800,56800,13800,13200,14900,2620,1,1
"7505",5,8,48,43,-84,291000,66400,7430,7560,20700,3700,2290,1780,1,1
"7506",5,8,57,57,156,639000,140000,43100,42700,29000,25400,9220,1700,1,1
"7507",5,8,47,60,-5,595000,208000,67700,25800,12800,22700,6630,4420,1,1
"7508",5,8,38,40,1,685000,449000,2770,25600,21700,10300,3180,4590,1,1
"7509",5,8,35,48,-10,1110000,206000,73100,23800,34600,10700,12600,2050,1,1
"7510",5,8,34,38,101,130000,66300,4270,9970,6370,7820,1160,617,1,1
"7511",5,8,37,40,-42,989000,890000,221000,255000,30600,128000,19500,12500,1,1
"7512",5,8,51,48,176,1180000,181000,8860,21100,32900,16000,7270,5280,1,1
"7513",5,8,56,27,71,857000,582000,6680,24100,21700,31000,4350,2360,1,1
"7514",5,8,51,35,-66,938000,166000,15000,64900,31600,16000,8560,4400,1,1
"7515",5,8,37,26,97,515000,223000,28200,20600,10100,8300,6300,3950,1,1
"7516",5,8,41,24,72,115000,41600,3120,2000,6280,6090,620,837,1,1
"7517",5,8,41,35,-8,173000,80800,10000,3370,3620,4900,1320,1320,1,1
"7518",5,8,50,48,-7,160000,17400,28200,6170,5350,6140,1520,739,1,1
"7519",5,8,54,48,148,759000,159000,20000,19000,29100,10200,4690,2740,1,1
"7520",5,8,44,48,-76,221000,89500,1780,8760,10200,5130,1520,1230,1,1
"7521",5,8,48,56,125,1540000,143000,60000,20000,41500,14800,5810,2400,1,1
"7522",5,8,37,29,48,1300000,1630000,85800,45100,54500,80000,48500,7920,1,1
"7523",5,8,43,35,-60,849000,680000,217000,58300,31700,76200,47500,19100,1,1
"7524",5,8,47,64,-102,966000,10600,14000,23600,3130,3440,2670,557,1,1
"7525",5,8,43,63,105,871000,176000,52300,11000,21800,12900,16100,5840,1,1
"7526",5,8,48,80,0,212000,163000,55600,15300,14000,14900,5290,1940,1,1
"7527",5,8,47,66,12,159000,50000,3010,3300,12000,3910,2100,547,1,1
"7528",5,8,40,60,138,246000,91800,48200,68700,13600,9020,7930,4590,1,1
"7529",5,8,40,66,-78,914000,173000,79500,31400,4080,13800,11700,1990,1,1
"7530",5,8,27,56,71,1070000,279000,29000,19700,33800,8040,6800,2830,1,1
"7531",5,8,37,64,-13,1970000,96600,8320,24100,20000,16800,3350,3910,1,1
"7532",5,8,47,63,24,428000,86600,73900,55700,22600,23100,9920,5290,1,1
"7533",5,8,38,56,93,968000,183000,13400,51900,28100,6150,9750,6110,1,1
"7534",5,8,51,70,-5,1010000,210000,110000,43400,7340,30500,10200,2650,1,1
"7535",5,8,48,69,-66,1590000,180000,31100,17400,25100,21900,7110,5110,1,1
"7536",5,8,41,57,-9,335000,217000,50600,25600,30100,17200,5700,8050,1,1
"7537",5,8,41,53,136,437000,350000,26900,39900,14300,9910,10700,4970,1,1
"7538",5,8,48,44,-3,354000,367000,31600,103000,88400,72000,20400,17500,1,1
"7539",5,8,43,57,25,577000,204000,164000,34300,15100,27000,7270,2950,1,1
"7540",5,8,44,61,83,1080000,237000,85600,30600,39400,24000,5670,2190,1,1
"7541",5,8,60,56,-3,264000,295000,29300,4880,19000,28900,11900,3220,1,1
"7542",5,8,44,50,71,2370000,912000,144000,27300,198000,44100,31100,17500,1,1
"7543",5,8,38,51,151,189000,21400,19200,1910,3260,1760,723,462,1,1
"7544",5,8,40,41,-163,407000,96200,9230,5470,5760,7720,2330,1450,1,1
"7545",5,8,30,56,-61,520000,24600,15000,2420,7740,2000,2490,543,1,1
"7546",5,8,37,69,109,1010000,70000,17300,47100,31900,7530,1790,2580,1,1
"7547",5,8,41,63,0,108000,495000,250000,71300,138000,52500,34200,11400,1,1
"7548",5,8,40,69,81,648000,127000,24100,15300,14600,11700,12500,2190,1,1
"7549",5,8,44,67,35,1390000,149000,57100,14900,12300,14500,5710,3570,1,1
"7550",5,8,53,51,-29,1280000,161000,17000,9120,49300,19000,7720,6850,1,1
"7551",5,8,51,54,45,780000,128000,65200,17500,7790,11600,15300,2320,1,1
"7552",5,8,30,48,117,122000,73900,4890,4360,3540,957,1690,1090,1,1
"7553",5,8,38,48,-13,1290000,411000,208000,26700,76600,65100,44500,8130,1,1
"7554",5,8,38,50,-93,44800,11800,682,1580,1780,1390,253,229,1,1
"7555",5,8,44,43,112,752000,48000,5120,12100,9020,6600,1790,1010,1,1
"7556",5,8,64,40,-30,1480000,321000,26100,4800,12300,18500,7540,2070,1,1
"7557",5,8,60,29,81,263000,48700,1080,9260,11500,4550,3030,770,1,1
"7558",5,8,61,30,-68,1350000,230000,38500,15700,38200,29000,13900,3440,1,1
"7559",5,8,56,29,-77,462000,34400,7030,2200,7650,2950,640,586,1,1
"7560",5,8,63,48,37,1300000,154000,102000,14700,10300,26100,6580,2000,1,1
"7561",5,8,57,57,50,790000,201000,48400,45900,12400,16100,6460,3120,1,1
"7562",5,8,47,60,-20,1510000,1020000,92500,141000,76600,52700,30500,16100,1,1
"7563",5,8,48,64,38,1290000,85900,19200,23600,13800,10100,4440,3100,1,1
"7564",5,8,35,44,88,876000,383000,14900,20300,11600,11800,11600,3200,1,1
"7565",5,8,40,38,-41,1060000,115000,19700,10700,17200,11300,8460,2740,1,1
"7566",5,8,40,43,310,1390000,194000,38400,25000,20500,10900,5200,2530,1,1
"7567",5,8,37,47,-1,3780000,387000,228000,79700,83300,43400,22100,6740,1,1
"7568",5,8,47,57,-216,1280000,523000,63100,128000,62500,43100,18500,12600,1,1
"7569",5,8,35,70,146,953000,114000,79400,42000,31000,7630,6670,1860,1,1
"7570",5,8,35,64,-11,704000,283000,35300,12600,18800,13900,4000,1620,1,1
"7571",5,8,14,44,-2,267000,621000,43100,11000,51200,7450,3360,1790,1,1
"7572",5,8,17,54,-18,1540000,352000,341000,48100,31100,61500,52300,6870,1,1
"7573",5,8,26,54,-39,826000,92300,43500,48400,22000,10200,2870,2530,1,1
"7574",5,8,29,54,32,421000,45300,5540,2910,5740,3040,1170,530,1,1
"7575",5,8,51,83,-82,627000,77800,94200,38900,18000,13700,2660,2610,1,1
"7576",5,8,43,80,-3,1660000,420000,234000,104000,90300,36000,27300,10200,1,1
"7577",5,8,48,74,-44,491000,250000,74800,29900,14400,26800,8690,1740,1,1
"7578",5,8,44,77,163,77800,44500,5570,6830,8940,2490,1950,959,1,1
"7579",5,8,47,60,-39,990000,166000,23000,22600,11700,15100,7800,2420,1,1
"7580",5,8,44,47,83,2e+05,60300,5310,6050,9390,2980,1620,1570,1,1
"7581",5,8,41,47,70,371000,22100,3800,7800,7300,2190,372,568,1,1
"7582",5,8,40,38,-18,39500,51600,3440,1800,6180,2070,1850,633,1,1
"7583",5,8,23,38,230,515000,99200,15300,15000,6950,2310,2960,1210,1,1
"7584",5,8,24,41,104,377000,88900,3790,18200,10800,4880,3340,1020,1,1
"7585",5,8,24,40,72,732000,250000,42700,53000,17100,20600,5280,6880,1,1
"7586",5,8,23,43,-65,1270000,281000,24700,13600,45300,10900,10800,3310,1,1
"7587",5,8,54,43,21,594000,8140,3890,954,6860,3290,1270,893,1,1
"7588",5,8,60,40,-11,158000,27000,2900,2730,4460,2400,2230,1010,1,1
"7589",5,8,60,29,55,2060000,1020000,78100,95000,164000,66800,28200,23300,1,1
"7590",5,8,67,50,-10,172000,16100,13900,4700,4320,2670,1480,487,1,1
"7591",5,8,48,48,4,512000,187000,14800,34200,29900,11100,9820,2350,1,1
"7592",5,8,35,48,-21,83900,120000,8940,9830,2060,3420,1870,549,1,1
"7593",5,8,38,51,121,343000,65400,6310,8610,9110,6060,2540,353,1,1
"7594",5,8,38,29,-53,285000,122000,11100,4030,29800,11400,12400,1400,1,1
"7595",5,8,38,27,-74,2120000,1400000,141000,125000,109000,71900,55100,7830,1,1
"7596",5,9,34,69,36,388000,61300,8640,21400,12600,12400,4270,1380,1,0
"7597",5,9,51,77,-8,298000,34100,34300,10100,6220,8320,2320,1420,1,0
"7598",5,9,43,63,53,496000,981000,66400,38600,24800,28800,30500,4760,1,0
"7599",5,9,51,37,57,93300,113000,1570,3560,12000,15300,11000,1490,1,0
"7600",5,9,40,34,16,42800,25800,6760,554,679,1970,1250,395,1,0
"7601",5,9,35,26,-51,68900,18900,4700,4600,1540,1860,772,302,1,0
"7602",5,9,53,40,129,2070000,804000,173000,217000,65500,161000,108000,19200,1,0
"7603",5,9,38,63,20,159000,92700,26200,8710,4080,4290,7880,1820,1,0
"7604",5,9,47,64,121,78100,94600,19800,14000,1400,15200,11500,1010,1,0
"7605",5,9,48,64,-59,360000,62000,28300,18000,20100,8940,5200,485,1,0
"7606",5,9,50,61,92,133000,54600,5390,11700,4970,10900,3450,1330,1,0
"7607",5,9,47,51,-20,143000,61200,6480,1450,1110,1750,919,402,1,0
"7608",5,9,38,50,131,15700,38100,8160,3370,2260,2970,1840,334,1,0
"7609",5,9,44,50,4,514000,63200,20500,25400,7270,15700,8630,589,1,0
"7610",5,9,30,50,71,104000,86300,13800,11800,9530,5770,7630,1110,1,0
"7611",5,9,38,56,-58,523000,86100,11200,9750,14300,4130,5660,1160,1,0
"7612",5,9,48,67,204,2150000,143000,113000,54800,30300,38500,12400,8130,1,0
"7613",5,9,40,60,-21,1590000,343000,20000,81500,23400,33400,41300,5790,1,0
"7614",5,9,38,63,16,553000,355000,137000,34800,58000,23200,12700,3250,1,0
"7615",5,9,41,70,-123,247000,276000,97100,45000,45900,24000,14400,1560,1,0
"7616",5,9,47,74,181,694000,22600,49200,11900,22000,14900,9440,1240,1,0
"7617",5,9,56,75,80,590000,30400,4020,8290,2170,8690,3740,654,1,0
"7618",5,9,74,67,13,703000,69500,5370,13200,11100,13700,6250,1140,1,0
"7619",5,9,84,63,-136,587000,41200,8230,6470,12700,7540,5780,1170,1,0
"7620",5,9,70,48,74,929000,97000,7510,18300,4670,7100,6890,1290,1,0
"7621",5,9,51,34,153,116000,122000,1670,8610,4910,6150,11100,801,1,0
"7622",5,9,44,40,42,124000,83600,24100,20300,11100,11400,6330,862,1,0
"7623",5,9,34,38,-167,829000,447000,48500,65100,39500,29900,25800,4100,1,0
"7624",5,9,38,40,75,59000,16800,1890,3260,592,1840,1080,222,1,0
"7625",5,9,34,51,156,747000,197000,28600,21300,11600,7920,8790,2430,1,0
"7626",5,9,24,44,37,678000,528000,114000,27500,88700,27300,18500,2920,1,0
"7627",5,9,40,54,88,1840000,19800,3480,14400,9340,7580,4830,2120,1,0
"7628",5,9,29,54,-98,754000,103000,15100,17400,6970,5550,5630,2380,1,0
"7629",5,9,38,50,105,107000,124000,10300,10500,5370,8020,6810,619,1,0
"7630",5,9,48,54,-20,332000,52000,7450,15900,2490,8030,10400,1120,1,0
"7631",5,9,43,50,145,56300,13800,2900,2270,2150,2270,637,362,1,0
"7632",5,9,44,60,2,92900,19100,13200,2880,715,1610,2330,159,1,0
"7633",5,9,43,67,26,359000,103000,34600,5950,5070,7150,3210,893,1,0
"7634",5,9,40,83,-108,58300,9360,16000,2440,1770,2200,3540,118,1,0
"7635",5,9,48,74,180,409000,87900,5220,8790,5010,24700,5900,601,1,0
"7636",5,9,57,70,106,1360000,862000,510000,219000,130000,163000,133000,8100,1,0
"7637",5,9,66,63,4,422000,162000,14400,13600,3840,17200,5350,894,1,0
"7638",5,9,57,37,-82,74000,43800,2820,2890,1790,1940,1100,260,1,0
"7639",5,9,43,47,59,536000,127000,19300,20700,4520,12200,5710,2380,1,0
"7640",5,9,43,27,253,256000,126000,10600,5030,8920,14500,10500,2140,1,0
"7641",5,9,43,38,-91,1550000,324000,103000,74700,40000,46400,21400,8970,1,0
"7642",5,9,53,56,-93,102000,10600,6550,2190,1040,1840,1020,234,1,0
"7643",5,9,60,60,-10,532000,50100,10400,19400,9060,10000,10200,1210,1,0
"7644",5,9,56,83,178,1370000,265000,129000,182000,14300,41100,13100,3920,1,0
"7645",5,9,61,91,69,218000,49100,49100,15500,4250,15200,8820,501,1,0
"7646",5,9,57,93,123,432000,60800,30700,23400,6840,8480,5050,2220,1,0
"7647",5,9,64,84,-28,93200,61300,9800,8410,8760,16400,8830,1200,1,0
"7648",5,9,70,77,42,650000,46700,15300,14900,9560,9440,4460,1010,1,0
"7649",5,9,64,61,-74,231000,60500,5620,10400,6600,6610,3370,984,1,0
"7650",5,9,74,61,136,1120000,123000,82400,44900,30800,36300,13300,4270,1,0
"7651",5,9,56,64,168,108000,507000,97200,45400,33100,40700,27800,1960,1,0
"7652",5,9,56,60,8,825000,61200,11800,9060,3430,10300,11700,820,1,0
"7653",5,9,60,69,-91,332000,31800,20200,9720,7800,6640,4820,1680,1,0
"7654",5,9,56,66,103,1e+05,42800,13000,17200,12000,8180,3870,696,1,0
"7655",5,9,60,70,218,196000,78000,21500,16500,4810,10400,9230,580,1,0
"7656",5,9,51,66,11,1640000,350000,34800,24300,14200,25700,38100,3730,1,0
"7657",5,9,60,61,113,177000,24000,7120,7360,3980,7750,7300,532,1,0
"7658",5,9,54,63,19,288000,63200,14400,23400,2400,8850,10900,1790,1,0
"7659",5,9,48,53,139,1070000,494000,18800,81000,26500,28900,28600,2360,1,0
"7660",5,9,54,60,10,445000,75000,15700,12700,10500,11800,4670,1260,1,0
"7661",5,9,43,53,36,49200,29500,5250,2670,2020,3140,1460,249,1,0
"7662",5,9,34,53,-39,57000,90400,3090,44100,1050,5890,5690,931,1,0
"7663",5,9,40,50,33,1010000,494000,29400,36600,15400,43500,49900,2370,1,0
"7664",5,9,43,63,24,423000,97900,119000,75400,29800,43700,30100,1890,1,0
"7665",5,9,41,51,133,66700,112000,9440,2200,12200,9700,11900,925,1,0
"7666",5,9,41,44,4,20200,27300,6420,2460,2890,1430,1310,178,1,0
"7667",5,9,40,57,-21,197000,70900,28500,4680,7630,6840,5450,1720,1,0
"7668",5,9,17,35,-108,130000,210000,6670,16000,1420,5170,4990,591,1,0
"7669",5,9,14,48,138,159000,60300,8520,14200,4450,5500,5440,1320,1,0
"7670",5,9,26,51,60,311000,72300,24300,6750,9380,9960,2870,1110,1,0
"7671",5,9,30,56,6,197000,36200,20000,14500,6160,7210,5230,1420,1,0
"7672",5,9,43,61,-213,192000,118000,19200,5500,6990,8490,7000,563,1,0
"7673",5,9,38,56,273,258000,134000,13100,14400,4760,6330,5710,1270,1,0
"7674",5,9,35,51,125,195000,87400,7750,14700,3510,8040,3420,1640,1,0
"7675",5,9,34,48,56,618000,292000,52000,119000,15200,43700,36800,4030,1,0
"7676",5,9,37,44,-121,640000,58600,2160,8930,7300,6080,4130,965,1,0
"7677",5,9,43,50,27,1030000,416000,40800,92400,20400,37400,12900,3360,1,0
"7678",5,9,41,57,107,334000,341000,139000,31300,34400,34600,7250,4880,1,0
"7679",5,9,37,50,-7,1610000,346000,79300,19700,40500,28200,12400,6630,1,0
"7680",5,9,41,44,-23,379000,112000,3920,9080,5100,15300,5570,645,1,0
"7681",5,9,43,48,-43,235000,60300,22600,7580,10100,6800,5480,681,1,0
"7682",5,9,50,50,156,183000,73900,36700,9800,7660,15100,7930,1110,1,0
"7683",5,9,43,47,-18,282000,123000,15300,13900,20300,5330,6760,707,1,0
"7684",5,9,35,70,106,67200,49100,44300,9420,1350,6180,1790,682,1,0
"7685",5,9,38,63,-33,113000,21500,1560,2610,2410,2230,1040,277,1,0
"7686",5,9,26,60,90,76000,158000,44800,10500,2850,11600,9370,625,1,0
"7687",5,9,35,63,18,677000,301000,54200,49600,9960,28200,9370,4310,1,0
"7688",5,9,38,61,140,83800,14800,14400,882,2380,2470,358,269,1,0
"7689",5,9,37,67,65,143000,1e+05,25000,13800,5130,11300,5650,505,1,0
"7690",5,9,37,57,38,103000,24700,2660,1040,1810,1430,394,344,1,0
"7691",5,9,37,57,-45,592000,115000,32500,3170,3420,9780,4010,1250,1,0
"7692",5,9,48,54,187,147000,41200,31400,7100,5740,15600,7530,711,1,0
"7693",5,9,54,38,40,361000,117000,3190,6290,5710,16900,7840,800,1,0
"7694",5,9,56,53,5,279000,53700,30200,14400,6350,6480,2870,402,1,0
"7695",5,9,66,38,-55,92800,33800,1420,795,960,5090,2070,192,1,0
"7696",5,9,61,38,161,511000,140000,60500,57800,14700,38100,23200,3220,1,0
"7697",5,9,54,48,80,1180000,442000,31900,57900,20500,43000,20100,2640,1,0
"7698",5,9,61,44,-52,722000,290000,93500,56500,28200,49500,9470,3990,1,0
"7699",5,9,70,61,-189,2260000,711000,209000,132000,119000,340000,18100,30700,1,0
"7700",5,9,60,50,201,371000,61400,3470,11400,5680,4940,5260,537,1,0
"7701",5,9,64,64,122,283000,42400,32200,5500,6120,7810,5400,445,1,0
"7702",5,9,70,48,8,267000,76800,2130,7000,7790,16200,10000,826,1,0
"7703",5,9,56,64,-97,1700000,127000,123000,161000,20500,38600,16100,6170,1,0
"7704",5,9,64,67,90,138000,12200,1980,2490,1610,2040,1600,281,1,0
"7705",5,9,50,48,148,149000,176000,12500,7290,5990,5970,5040,1620,1,0
"7706",5,9,43,66,71,767000,136000,18300,67300,9800,25100,20900,2280,1,0
"7707",5,9,30,40,-101,877000,819000,75400,36200,26900,33500,31400,7410,1,0
"7708",5,9,20,34,7,772000,485000,32800,41600,38300,23200,17400,4090,1,0
"7709",5,9,40,43,177,276000,11300,917,4130,2420,3010,2240,428,1,0
"7710",5,9,48,50,228,546000,19700,4850,31100,3200,12300,4920,593,1,0
"7711",5,9,64,74,-107,1640000,102000,169000,49100,35800,43900,45600,3940,1,0
"7712",5,9,66,69,12,135000,783000,54900,20000,53800,43700,21300,4830,1,0
"7713",5,9,63,75,161,1090000,750000,321000,237000,133000,167000,144000,7210,1,0
"7714",5,9,47,74,64,143000,45700,26500,16300,5800,4790,11600,1440,1,0
"7715",5,9,48,67,-56,1220000,101000,87600,35900,58100,36100,18900,4640,1,0
"7716",5,9,53,75,40,184000,107000,9410,9880,6080,8870,8660,1150,1,0
"7717",5,9,44,64,137,284000,108000,8210,20300,6500,10600,10100,687,1,0
