"","SubjectID","VideoID","Attention","Mediation","Raw","Delta","Theta","Alpha1","Alpha2","Beta1","Beta2","Gamma1","Gamma2","predefinedlabel","user.definedlabeln"
"1262",1,0,47,44,35,216000,133000,11900,14900,25200,20300,33300,12100,0,0
"1263",1,0,64,51,16,468000,35900,11400,23900,10100,8930,6420,7500,0,0
"1264",1,0,56,61,-85,1930000,203000,49900,126000,23700,21500,16000,16000,0,0
"1265",1,0,48,57,6,1840000,625000,45200,28100,37300,21800,63500,31500,0,0
"1266",1,0,64,61,42,19700,6190,5720,3920,14800,14000,4440,3570,0,0
"1267",1,0,54,53,45,483000,389000,74900,47800,21100,25000,9320,10600,0,0
"1268",1,0,64,53,9,234000,20200,19000,5920,13200,9100,2330,935,0,0
"1269",1,0,57,54,-34,954000,280000,30500,16000,60900,5100,8900,7830,0,0
"1270",1,0,37,64,72,28200,33000,20600,13900,10400,5880,3350,2140,0,0
"1271",1,0,47,69,32,348000,29100,13000,11000,14900,7130,4770,3550,0,0
"1272",1,0,38,70,37,71500,16600,7130,7660,1750,2880,811,655,0,0
"1273",1,0,57,84,-27,15600,14300,13900,2470,11800,3730,5990,4670,0,0
"1274",1,0,78,74,104,12400,12800,3000,6430,15100,15400,9660,2800,0,0
"1275",1,0,78,74,-12,732000,45700,6530,40600,44700,12800,5450,2870,0,0
"1276",1,0,90,77,48,5650,6110,13500,8430,8380,7790,3630,4760,0,0
"1277",1,0,80,75,50,101000,70600,13700,33900,26400,5130,3350,1460,0,0
"1278",1,0,66,83,10,24400,29600,9970,10700,2260,9100,2100,3250,0,0
"1279",1,0,54,84,67,216000,27900,13500,4730,2350,1910,735,752,0,0
"1280",1,0,43,70,102,54300,88600,23900,6420,24000,8880,3620,3550,0,0
"1281",1,0,48,64,-25,339000,80900,5230,17600,13900,7970,3630,3950,0,0
"1282",1,0,41,67,-3,902,28400,5020,27400,8430,4380,2070,1100,0,0
"1283",1,0,53,60,121,105000,51100,6910,12900,27200,12200,3270,2220,0,0
"1284",1,0,57,63,55,15400,24400,11200,4100,12700,4530,4100,2950,0,0
"1285",1,0,54,60,90,380000,210000,30800,5780,10200,16200,2080,4560,0,0
"1286",1,0,63,48,40,10400,34100,11200,1540,13300,8800,2180,7390,0,0
"1287",1,0,61,69,23,7150,5970,30100,11100,10800,6650,2860,2510,0,0
"1288",1,0,63,66,66,72800,106000,24000,10900,19500,16400,2960,1330,0,0
"1289",1,0,81,74,115,16300,16000,4800,9340,16200,14000,9360,3470,0,0
"1290",1,0,64,74,-200,79000,133000,27300,9170,20200,5700,1820,4150,0,0
"1291",1,0,66,53,8,1070000,176000,30900,35800,79600,34200,20100,11800,0,0
"1292",1,0,60,69,-55,1040000,267000,350000,117000,48300,51100,89300,43500,0,0
"1293",1,0,44,69,70,885000,144000,25000,32300,19500,18000,13100,8650,0,0
"1294",1,0,41,63,83,418000,158000,6640,14000,10900,4050,2310,5280,0,0
"1295",1,0,47,66,10,19100,25000,9440,3960,6250,9300,5720,4020,0,0
"1296",1,0,48,47,20,77100,156000,7430,20200,9000,14900,7440,6850,0,0
"1297",1,0,50,61,-185,34300,22700,57300,24000,24900,10200,6610,1630,0,0
"1298",1,0,53,70,64,2600000,102000,42000,22600,70400,5660,3820,2100,0,0
"1299",1,0,30,67,61,158000,56300,13900,3310,12500,1690,1800,1460,0,0
"1300",1,0,41,84,-8,289000,10900,15000,13700,12000,11200,4990,6440,0,0
"1301",1,0,40,87,96,255000,12100,21600,17900,9850,3650,1400,946,0,0
"1302",1,0,48,88,84,108000,71300,17100,27900,6420,9690,8600,7070,0,0
"1303",1,0,57,84,675,169000,56400,4770,7980,13700,4640,987,2530,0,0
"1304",1,0,38,75,-61,484000,111000,22900,9940,4200,4730,1240,788,0,0
"1305",1,0,56,50,45,5060,14400,958,2950,10600,8660,2040,1890,0,0
"1306",1,0,53,44,37,46600,76400,13300,15300,10500,5640,3860,3930,0,0
"1307",1,0,54,48,40,175000,59100,4620,14700,11400,6460,1140,1790,0,0
"1308",1,0,67,47,39,18500,21200,9000,5460,32300,5300,2050,1760,0,0
"1309",1,0,43,69,-6,173000,33400,22900,31700,9100,2990,1080,796,0,0
"1310",1,0,43,69,45,96400,93300,18200,15700,10100,7810,10100,4080,0,0
"1311",1,0,34,84,123,5090,30200,12200,60300,27600,2910,3000,2030,0,0
"1312",1,0,44,84,29,4080,6810,5960,6690,36900,9020,3100,2910,0,0
"1313",1,0,43,77,-69,380000,235000,71900,56200,33100,10300,4920,1540,0,0
"1314",1,0,56,81,65,7490,7000,8640,8440,17500,6650,1860,1730,0,0
"1315",1,0,60,67,56,210000,126000,41000,13300,38500,7730,3670,2390,0,0
"1316",1,0,47,78,49,69100,46200,34200,13000,5350,10300,4930,4010,0,0
"1317",1,0,57,81,74,31900,34300,4860,23400,7310,5670,8280,3080,0,0
"1318",1,0,56,80,39,39100,32900,21300,5430,14000,13700,6390,2540,0,0
"1319",1,0,63,78,20,159000,32400,2760,10300,6610,4490,1130,1080,0,0
"1320",1,0,70,70,112,9430,2680,5630,3960,24000,3230,2030,2210,0,0
"1321",1,0,69,70,26,131000,22100,4350,14000,4630,2840,575,884,0,0
"1322",1,0,63,63,-7,55500,44300,3280,10500,20300,6170,3270,2480,0,0
"1323",1,0,69,66,97,7060,27800,3360,17800,14400,9210,3860,2790,0,0
"1324",1,0,50,67,57,96800,40600,6300,14500,10700,1860,594,628,0,0
"1325",1,0,30,63,-185,215000,296000,78100,35400,25500,4820,3100,2110,0,0
"1326",1,0,41,69,4,1190000,35300,10300,17300,13700,20000,5460,5230,0,0
"1327",1,0,30,77,119,130000,9700,2840,8870,3460,1520,1740,447,0,0
"1328",1,0,35,77,-56,256000,69100,28400,5930,13000,4450,1070,564,0,0
"1329",1,0,63,74,73,49200,24000,15200,2710,28900,9970,5390,5300,0,0
"1330",1,0,54,70,153,183000,65200,23100,13800,41900,12900,3200,2510,0,0
"1331",1,0,63,64,-26,18600,41300,16100,21600,36600,13000,2290,1900,0,0
"1332",1,0,69,61,64,157000,31900,10200,2270,2510,4070,526,620,0,0
"1333",1,0,57,48,70,99600,138000,4510,6900,8990,9530,5220,3420,0,0
"1334",1,0,67,37,10,617000,23800,646,2950,7570,9550,3650,1130,0,0
"1335",1,0,69,40,-133,101000,24400,18200,59300,81800,21600,8500,4330,0,0
"1336",1,0,67,48,82,849000,10700,6270,12500,9740,2480,775,1160,0,0
"1337",1,0,61,60,-45,203000,74700,14100,5070,9770,2510,1620,840,0,0
"1338",1,0,37,70,53,404000,353000,77800,51300,43400,12000,2200,2350,0,0
"1339",1,0,14,53,193,665000,384000,16000,21100,33500,7700,5480,4000,0,0
"1340",1,0,1,51,-11,202000,73000,45000,12200,3260,2390,1330,750,0,0
"1341",1,0,13,41,163,176000,81800,3930,3710,5540,8850,7290,3250,0,0
"1342",1,0,16,27,57,777000,111000,1800,9310,18300,4200,773,1550,0,0
"1343",1,0,24,51,45,197000,79400,110000,19300,20600,10200,8880,5270,0,0
"1344",1,0,57,43,-6,29100,6150,2360,7480,16100,11400,2660,1840,0,0
"1345",1,0,48,60,19,608000,204000,93700,21000,22200,11200,5800,9000,0,0
"1346",1,0,66,81,67,6130,8630,18400,3550,14200,8010,2300,3180,0,0
"1347",1,0,90,69,43,20100,5770,4750,1930,5950,6930,5550,5820,0,0
"1348",1,0,75,74,-13,318000,30400,11200,12900,22200,7910,5800,4660,0,0
"1349",1,0,84,66,160,65300,57500,11500,16200,38100,8970,5900,4070,0,0
"1350",1,0,69,67,16,258000,29900,18500,6910,2480,2870,2410,939,0,0
"1351",1,0,54,75,6,422000,27500,16500,11500,4570,6540,4030,7100,0,0
"1352",1,0,44,74,92,201000,51300,6440,14600,8840,3300,1320,1300,0,0
"1353",1,0,44,75,35,224000,74700,3080,25800,10400,11900,4810,3650,0,0
"1354",1,0,54,64,-14,39000,19700,1090,7040,7930,3920,666,594,0,0
"1355",1,0,48,57,-33,344000,236000,102000,8270,21000,16900,2740,1640,0,0
"1356",1,0,60,50,67,213000,112000,9570,9000,13200,24100,2640,3770,0,0
"1357",1,0,57,41,17,75100,20400,2970,939,3950,2300,393,2140,0,0
"1358",1,0,38,30,52,170000,507000,25800,26700,17700,9110,10200,3290,0,0
"1359",1,0,43,37,72,113000,130000,70200,29900,18500,23200,2910,4610,0,0
"1360",1,0,34,47,-197,98700,50200,8300,20300,14800,4700,1560,2070,0,0
"1361",1,0,34,56,43,1480000,96800,46800,8250,23200,13900,4640,9570,0,0
"1362",1,0,51,64,81,52700,42600,4880,11400,20400,7580,4660,3030,0,0
"1363",1,0,47,54,18,221000,204000,15000,31200,25000,13500,4700,3010,0,0
"1364",1,0,50,53,76,1760000,67200,18100,18800,40300,8090,11100,7900,0,0
"1365",1,0,47,43,72,541000,180000,23400,20700,103000,13600,5440,4180,0,0
"1366",1,0,40,53,-81,69100,175000,80600,59000,14000,16900,2630,1970,0,0
"1367",1,0,43,61,42,641000,103000,45500,16900,29700,14800,5890,3020,0,0
"1368",1,0,34,61,58,150000,55200,5670,19500,20500,1900,1220,417,0,0
"1369",1,0,34,74,2,155000,65700,7090,34500,19300,7000,7240,2210,0,0
"1370",1,0,40,81,5,10900,9280,12200,30500,11000,6490,6570,3950,0,0
"1371",1,0,43,78,26,11000,26600,1920,12200,5680,4690,5500,6740,0,0
"1372",1,0,53,80,28,84600,30500,8570,5700,5970,3170,1540,431,0,0
"1373",1,0,63,84,27,39600,9560,8330,8090,8400,4170,7030,3940,0,0
"1374",1,0,48,64,61,328000,196000,20000,23100,20100,5910,4480,3520,0,0
"1375",1,0,44,57,26,140000,45400,6630,3040,6190,5480,1070,850,0,0
"1376",1,0,48,60,-22,8230,26800,6420,8630,8710,4510,3260,3070,0,0
"1377",1,0,51,53,67,7380,16600,5230,14700,21200,7910,2060,1930,0,0
"1378",1,0,53,63,28,136000,48400,31100,6060,14300,3070,1580,599,0,0
"1379",1,0,51,70,2,29500,36000,17400,4900,6480,4500,4000,4800,0,0
"1380",1,0,43,54,73,162000,220000,3150,12600,16600,9660,2340,2370,0,0
"1381",1,0,44,51,11,156000,41900,11600,15400,25200,19400,3790,3410,0,0
"1382",1,0,51,47,19,250000,64300,12200,10800,10700,6630,7470,2000,0,0
"1383",1,0,47,40,69,540000,172000,20100,32300,34400,9210,6110,1780,0,0
"1384",1,0,67,50,22,25300,15400,4080,5010,20200,10400,5440,2640,0,0
"1385",1,0,57,47,-35,84600,68800,8620,13500,23300,8930,3530,4280,0,0
"1386",1,0,60,57,17,27100,13600,4350,29000,16800,3920,2510,6220,0,0
"1387",1,0,60,60,38,96800,42600,10600,4700,10700,2450,1960,883,0,0
"1388",1,0,53,63,12,16400,52200,9260,12800,3550,17100,4380,4660,0,0
"1389",1,0,74,61,64,19400,5580,2670,2590,15800,7510,3670,2780,0,0
"1390",1,0,60,54,19,162000,44900,20300,9200,16100,1780,1830,1390,0,0
"1391",1,0,70,53,440,222000,111000,12700,29200,46400,23100,12200,5170,0,0
"1392",1,0,56,56,96,498000,97300,34100,19500,12700,6390,1650,601,0,0
"1393",1,0,40,66,-23,125000,34400,24200,14500,44300,9910,4250,3790,0,0
"1394",1,0,54,61,45,8730,59600,13700,8860,10600,9650,10600,5050,0,0
"1395",1,0,61,60,68,33100,27900,1700,6890,8510,10200,7820,6720,0,0
"1396",1,0,66,47,294,274000,208000,9450,19800,43200,15600,5820,2880,0,0
"1397",1,0,56,41,-6,613000,78600,25800,6080,23800,5940,2460,2150,0,0
"1398",1,0,51,47,91,113000,144000,77700,18700,33500,13400,2310,3310,0,0
"1399",1,0,43,54,45,88100,57300,4180,29800,14800,12100,7440,4780,0,0
"1400",1,0,50,61,66,30900,45800,11800,2870,19300,8150,7350,4970,0,0
"1401",1,0,64,64,12,20100,17400,4140,10400,6710,8160,3870,4700,0,0
"1402",1,1,41,48,71,1060000,250000,18300,3950,26700,23100,12100,9310,0,1
"1403",1,1,40,37,-1,1490000,168000,17500,18200,8150,15000,6210,4540,0,1
"1404",1,1,43,27,82,217000,140000,19300,28000,22400,11100,10200,3650,0,1
"1405",1,1,37,38,155,1610000,173000,75200,52200,31300,19600,4320,2900,0,1
"1406",1,1,51,50,23,7460,6170,1670,2920,11800,4440,2700,1330,0,1
"1407",1,1,48,57,9,273000,230000,89700,17400,11400,16600,7790,4310,0,1
"1408",1,1,56,66,122,35800,15800,6360,8630,5040,5600,5400,3350,0,1
"1409",1,1,67,60,28,38800,22800,6280,5250,8600,7160,1240,969,0,1
"1410",1,1,50,56,-19,375000,156000,10700,18900,17900,10900,2280,1940,0,1
"1411",1,1,53,56,36,920000,71000,22400,26700,27400,10100,6140,5910,0,1
"1412",1,1,51,53,69,16000,18100,5400,9920,9040,4510,1990,7190,0,1
"1413",1,1,41,56,43,118000,179000,59200,27500,25500,19500,8100,5200,0,1
"1414",1,1,50,77,22,219000,19300,28500,13600,6540,8510,2930,4380,0,1
"1415",1,1,53,75,-199,123000,56700,20500,3310,7620,8740,1290,1990,0,1
"1416",1,1,40,70,-201,1730000,407000,129000,39900,58700,16600,9260,5040,0,1
"1417",1,1,41,77,61,1760000,142000,55400,62400,29000,19900,5240,7480,0,1
"1418",1,1,34,70,82,335000,74900,9690,48700,12400,8010,3260,6040,0,1
"1419",1,1,38,81,64,7740,6790,12100,4000,4990,4980,4430,3710,0,1
"1420",1,1,41,70,32,784000,271000,26100,11500,26600,14900,5080,4030,0,1
"1421",1,1,43,75,87,1380000,112000,70700,101000,56300,25200,4160,12000,0,1
"1422",1,1,48,70,205,499000,89700,34300,21500,8000,13500,5610,4710,0,1
"1423",1,1,35,64,-17,343000,65000,15200,18600,4150,5060,1990,1800,0,1
"1424",1,1,30,80,35,399000,122000,64500,17000,16800,6830,10800,5150,0,1
"1425",1,1,27,67,-109,298000,64800,17600,6750,7090,5220,1450,1120,0,1
"1426",1,1,26,57,91,570000,114000,15200,10500,7560,11600,7540,4490,0,1
"1427",1,1,30,60,-25,399000,43000,8120,38500,28200,7120,6970,4360,0,1
"1428",1,1,43,54,-6,66700,40600,12200,7140,16100,6660,7070,3570,0,1
"1429",1,1,40,44,74,190000,208000,10500,19700,11700,11000,5970,1350,0,1
"1430",1,1,37,41,-56,461000,241000,5050,31500,11700,17700,4070,5320,0,1
"1431",1,1,29,40,-145,111000,170000,74800,17900,5330,11400,5410,2530,0,1
"1432",1,1,14,48,-97,469000,186000,145000,26200,40800,7320,3180,5670,0,1
"1433",1,1,27,63,33,166000,92100,56600,18600,25100,27000,3630,4470,0,1
"1434",1,1,38,74,5,144000,20400,8910,1720,7260,6640,1470,2080,0,1
"1435",1,1,44,78,234,393000,59800,18000,55100,11700,13100,7570,3350,0,1
"1436",1,1,54,83,-396,682000,71900,46200,74800,30200,11900,6330,9330,0,1
"1437",1,1,51,74,-119,44900,14200,1880,2450,2850,2110,1310,1220,0,1
"1438",1,1,35,63,72,391000,235000,18800,9200,10900,10000,4660,2930,0,1
"1439",1,1,30,41,43,866000,152000,8960,10200,6510,9390,20800,5150,0,1
"1440",1,1,43,26,131,741000,42500,10000,6830,14600,12900,6610,5270,0,1
"1441",1,1,27,20,72,373000,252000,16500,15800,5470,6490,9250,1810,0,1
"1442",1,1,43,38,57,69700,18600,6300,16800,14700,7350,2370,1990,0,1
"1443",1,1,50,60,-212,195000,26800,42000,32100,36200,12100,7500,7850,0,1
"1444",1,1,50,61,27,1180000,124000,24100,25900,25600,36200,9150,6630,0,1
"1445",1,1,54,70,25,759000,144000,28800,41800,70300,9950,19200,3390,0,1
"1446",1,1,47,74,102,183000,48600,15800,35000,13700,6470,1960,765,0,1
"1447",1,1,40,69,27,108000,127000,93400,21100,13400,14800,7040,8240,0,1
"1448",1,1,40,77,20,20500,6210,12500,4580,22100,4670,2660,2880,0,1
"1449",1,1,51,88,-22,97100,6760,936,11700,2650,2660,938,835,0,1
"1450",1,1,50,84,-36,232000,43300,13500,13400,10900,3720,1520,953,0,1
"1451",1,1,34,63,21,1680000,1420000,107000,40700,87500,13100,6430,19700,0,1
"1452",1,1,21,57,28,22700,165000,43900,26700,50500,15200,6380,4750,0,1
"1453",1,1,10,38,17,2810000,480000,49000,45700,34200,19500,3660,5290,0,1
"1454",1,1,11,37,67,178000,169000,16600,63200,19300,15200,6900,3540,0,1
"1455",1,1,37,51,53,222000,33600,14200,3310,4980,6740,860,871,0,1
"1456",1,1,29,43,160,152000,46300,2900,5290,5720,1740,2220,2730,0,1
"1457",1,1,37,53,-68,18200,261000,59800,55300,19100,24800,9380,6590,0,1
"1458",1,1,41,41,-14,1950000,366000,22300,36600,37700,40800,17700,16600,0,1
"1459",1,1,21,26,-17,1270000,417000,10100,31600,31200,7000,16800,4270,0,1
"1460",1,1,17,37,120,470000,322000,92100,37500,22100,10200,8020,3570,0,1
"1461",1,1,13,30,-22,1150000,609000,126000,12700,26300,26800,11300,7760,0,1
"1462",1,1,8,44,-2,916000,104000,33300,32500,18400,9520,10900,6390,0,1
"1463",1,1,14,60,-50,138000,58300,23600,3200,3950,2590,1180,538,0,1
"1464",1,1,27,57,65,127000,45800,8710,7060,5260,5840,1390,488,0,1
"1465",1,1,29,61,122,54100,112000,13600,28200,26800,8110,3360,3170,0,1
"1466",1,1,34,41,88,1030000,198000,5770,14100,29300,16200,7580,3580,0,1
"1467",1,1,47,38,-9,527000,69100,17100,9620,24500,12300,4610,3360,0,1
"1468",1,1,54,30,10,134000,49300,2520,9170,7200,14500,3250,4230,0,1
"1469",1,1,54,27,114,228000,186000,15400,31300,17700,12500,2330,3360,0,1
"1470",1,1,51,21,89,451000,218000,7560,4700,9720,12100,4130,1660,0,1
"1471",1,1,51,30,9,49900,21200,20800,8820,17900,7140,2390,2650,0,1
"1472",1,1,30,35,-1,242000,313000,38100,43100,25500,11900,3890,968,0,1
"1473",1,1,29,40,10,113000,21300,6340,2970,5440,1260,1010,446,0,1
"1474",1,1,24,60,-7,131000,52300,16000,7450,13100,2220,2340,1240,0,1
"1475",1,1,17,61,69,296000,208000,184000,14600,41100,26900,5080,2870,0,1
"1476",1,1,35,75,77,386000,35400,30000,32100,14800,16200,7380,4590,0,1
"1477",1,1,48,63,19,628000,279000,14100,24800,34700,55100,14200,14600,0,1
"1478",1,1,60,66,113,1410000,529000,121000,149000,32600,86400,10200,6230,0,1
"1479",1,1,54,64,44,1780000,30500,16000,4510,3610,1860,3800,939,0,1
"1480",1,1,40,50,103,578000,494000,89800,29400,20300,20500,10100,3870,0,1
"1481",1,1,38,53,-97,603000,186000,15200,32100,51800,36800,10700,4230,0,1
"1482",1,1,37,54,263,1610000,187000,137000,36200,90000,28000,11000,7340,0,1
"1483",1,1,40,54,12,768000,46400,26000,9050,11200,3960,2400,600,0,1
"1484",1,1,41,63,51,236000,230000,90300,35000,15200,14100,4520,2670,0,1
"1485",1,1,37,66,50,1110000,176000,24800,18600,13700,20600,5780,3800,0,1
"1486",1,1,30,60,-34,216000,78000,15600,11500,12600,4780,3330,1130,0,1
"1487",1,1,34,60,12,166000,129000,58300,26500,17300,14000,3880,8660,0,1
"1488",1,1,43,63,76,360000,35300,9910,38600,16900,9310,1600,1210,0,1
"1489",1,1,53,67,441,35000,24400,5500,17500,27700,14200,9960,8380,0,1
"1490",1,1,48,63,70,231000,42800,6320,1580,2460,1420,502,390,0,1
"1491",1,1,57,53,-2,256000,130000,34800,9800,16500,33600,4710,4030,0,1
"1492",1,1,53,53,-60,650000,338000,240000,19100,41900,37400,8060,5160,0,1
"1493",1,1,44,61,4,1380000,90200,62500,77300,88900,24900,6150,1500,0,1
"1494",1,1,54,67,108,85500,72500,11100,22700,14200,10200,5090,2470,0,1
"1495",1,1,54,70,-18,266000,89600,27600,11700,9610,26600,2070,2010,0,1
"1496",1,1,51,61,59,303000,127000,28400,4380,8420,6760,3410,3700,0,1
"1497",1,1,37,50,-49,776000,373000,68700,28600,72300,9030,4320,2480,0,1
"1498",1,1,29,47,-219,351000,225000,24700,54300,10100,14000,2290,1170,0,1
"1499",1,1,16,38,93,1310000,393000,34800,18700,31400,19100,9800,5070,0,1
"1500",1,1,13,41,82,57400,32700,9660,4260,3850,1660,428,876,0,1
"1501",1,1,21,48,-9,215000,132000,45100,15400,10600,7940,5480,2290,0,1
"1502",1,1,29,48,56,128000,52000,17700,6400,6050,8200,1020,555,0,1
"1503",1,1,35,70,28,104000,42800,37600,54100,29500,10300,3280,2110,0,1
"1504",1,1,51,81,92,371000,27300,7590,39800,7620,17200,4130,2650,0,1
"1505",1,1,50,81,-40,921000,396000,179000,14900,69200,21900,15200,6870,0,1
"1506",1,1,51,87,141,745000,35200,21100,7750,10400,8330,4050,675,0,1
"1507",1,1,54,78,134,68700,45300,24000,12200,15900,8910,1350,913,0,1
"1508",1,1,34,75,96,238000,39000,7680,22200,3220,1490,1720,535,0,1
"1509",1,1,40,78,33,6360,28300,14300,3490,4610,3520,3560,3760,0,1
"1510",1,1,30,69,17,93600,166000,22500,26600,9350,11100,3220,2440,0,1
"1511",1,1,20,75,17,48900,23700,15800,7100,4350,1570,987,933,0,1
"1512",1,1,20,57,56,296000,308000,30700,19600,17000,7130,3480,1430,0,1
"1513",1,1,11,50,41,223000,117000,20500,16000,27500,4030,2790,3310,0,1
"1514",1,1,27,56,-356,179000,103000,80700,13900,7700,13900,1010,686,0,1
"1515",1,1,30,54,-136,567000,190000,4290,22700,20800,7520,2280,2110,0,1
"1516",1,1,44,66,76,180000,17300,10800,6840,6050,3680,1170,466,0,1
"1517",1,1,38,70,8,226000,57500,56800,12800,16600,11100,6210,2870,0,1
"1518",1,1,44,56,-1,636000,41500,4520,6370,9550,7090,3540,1870,0,1
"1519",1,1,51,66,9,87000,17100,3050,3410,2710,1720,1410,933,0,1
"1520",1,1,48,53,113,766000,51300,1790,10100,3840,4830,1690,516,0,1
"1521",1,1,53,56,103,156000,30100,22000,28600,4160,10500,1440,8130,0,1
"1522",1,1,56,75,11,43700,9360,13900,12100,9630,6810,4950,1780,0,1
"1523",1,1,56,70,-27,96400,14600,499,5700,11100,1610,975,925,0,1
"1524",1,1,54,84,99,2020000,304000,1e+05,153000,53800,32500,8640,5880,0,1
"1525",1,1,57,78,145,7e+05,76300,55600,31100,30300,26600,4440,1320,0,1
"1526",1,1,44,43,25,539000,571000,5220,9280,37200,23900,6750,2920,0,1
"1527",1,1,44,37,21,1150000,403000,27600,16200,39800,31300,7780,4690,0,1
"1528",1,1,60,23,43,36700,11800,13500,2120,85200,7710,3810,2520,0,1
"1529",1,1,53,16,128,276000,109000,18900,14800,29100,11900,6360,3920,0,1
"1530",1,1,69,43,43,325000,30100,12900,9960,5530,11500,4500,1370,0,1
"1531",1,1,78,60,0,78100,14500,6170,7160,7570,4910,1050,982,0,1
"1532",1,1,69,80,51,431000,22100,21800,31500,8300,11100,4290,3050,0,1
"1533",1,1,61,80,72,605000,293000,35100,58100,48200,12900,6600,7220,0,1
"1534",1,1,43,87,-2,261000,36600,21100,19600,5160,2290,2590,1310,0,1
"1535",1,1,27,78,-21,156000,77500,4380,15800,11100,3340,1210,1070,0,1
"1536",1,1,14,69,-149,41000,55300,29200,14100,17300,3450,1520,1060,0,1
"1537",1,1,16,75,-91,924000,61600,24800,9070,12900,3650,2920,1520,0,1
"1538",1,1,24,60,77,386000,236000,38000,14200,13000,17300,5690,4300,0,1
"1539",1,1,30,67,-23,86000,74400,31300,13800,7630,10000,8290,5240,0,1
"1540",1,1,40,54,76,283000,126000,10600,6900,7940,10300,2990,3520,0,1
"1541",1,1,60,53,92,13500,10600,9410,2610,10800,8900,2820,2930,0,1
"1542",1,1,57,53,-11,342000,172000,10500,22900,9640,10300,5590,1750,0,1
"1543",1,1,64,56,-2,37600,42700,26200,22800,12300,16300,4980,2490,0,1
"1544",1,2,11,91,-3,2080000,947000,185000,148000,72600,34400,24900,10700,0,1
"1545",1,2,1,74,7,1520000,276000,37500,4870,12400,5300,11400,5170,0,1
"1546",1,2,3,50,-29,2180000,87100,11000,16200,23700,5140,32900,12700,0,1
"1547",1,2,14,48,97,1270000,114000,59400,21600,14600,22900,10600,5280,0,1
"1548",1,2,24,51,-29,1610000,584000,146000,121000,59300,70800,11100,40900,0,1
"1549",1,2,34,57,24,1140000,183000,26500,31100,15600,10200,3750,1930,0,1
"1550",1,2,35,66,83,573000,29400,8540,8980,3300,2600,995,2620,0,1
"1551",1,2,34,53,144,279000,30100,4960,700,7640,3850,2220,569,0,1
"1552",1,2,34,37,-35,1980000,367000,20600,19600,26700,36200,10900,11400,0,1
"1553",1,2,38,34,-21,447000,58300,11100,4190,2620,4350,3290,1000,0,1
"1554",1,2,35,27,167,755000,312000,69300,28800,15500,17700,4170,4000,0,1
"1555",1,2,35,37,152,127000,26900,5840,3460,1690,3870,878,668,0,1
"1556",1,2,26,47,91,1360000,769000,157000,67400,62900,38300,11000,14000,0,1
"1557",1,2,23,50,-12,2050000,425000,137000,36400,48000,24700,12500,6970,0,1
"1558",1,2,34,56,-51,834000,66800,29300,8750,5360,12600,4960,3530,0,1
"1559",1,2,24,64,458,1570000,413000,2e+05,175000,47200,34500,12700,7540,0,1
"1560",1,2,30,74,801,1100000,34800,18600,12700,15000,6010,2890,1470,0,1
"1561",1,2,41,80,-26,1750000,54500,16400,32200,7890,13800,5250,1770,0,1
"1562",1,2,38,78,35,122000,88700,33100,5440,3890,8620,1870,1880,0,1
"1563",1,2,34,64,156,688000,284000,35800,38900,86600,7990,7000,6540,0,1
"1564",1,2,21,44,88,1640000,391000,19700,19900,32000,10500,4110,5280,0,1
"1565",1,2,21,34,45,543000,124000,18200,11600,17200,18400,4770,2310,0,1
"1566",1,2,35,38,-88,20600,8770,2350,12100,13700,5930,3900,2640,0,1
"1567",1,2,44,50,59,276000,35400,24000,5360,5240,4730,2720,1500,0,1
"1568",1,2,54,51,157,235000,103000,3200,10400,17100,9080,4550,1670,0,1
"1569",1,2,50,57,25,1080000,253000,82700,30400,40100,27900,9720,6740,0,1
"1570",1,2,44,50,-36,16700,31500,8300,3260,7720,6060,2170,2260,0,1
"1571",1,2,37,30,-36,544000,323000,11800,33700,41100,12400,4250,4460,0,1
"1572",1,2,41,53,71,304000,95700,102000,14300,24300,24400,8180,3620,0,1
"1573",1,2,41,53,326,375000,58800,19400,8350,16100,6500,1870,4360,0,1
"1574",1,2,41,61,112,919000,39900,26300,5870,12800,9760,1130,920,0,1
"1575",1,2,54,83,-9,1370000,66200,84800,20400,6280,28500,4790,2870,0,1
"1576",1,2,41,63,66,270000,460000,33300,31900,23600,14600,5910,3340,0,1
"1577",1,2,40,53,11,1030000,201000,15600,13500,9400,15100,3480,2770,0,1
"1578",1,2,30,64,-21,1010000,107000,243000,45800,54400,22300,3530,2540,0,1
"1579",1,2,24,67,17,106000,21100,21100,15300,3020,4170,1680,1730,0,1
"1580",1,2,37,80,150,1080000,815000,357000,131000,2e+05,126000,33700,29200,0,1
"1581",1,2,37,100,235,301000,19700,9870,11200,1740,2290,1350,1220,0,1
"1582",1,2,26,75,60,1230000,291000,5960,38600,16000,6590,2370,3130,0,1
"1583",1,2,23,53,-233,1590000,423000,59600,29600,64600,26000,12700,4550,0,1
"1584",1,2,10,38,-165,924000,364000,31600,8570,3310,9290,2500,1780,0,1
"1585",1,2,13,13,45,2080000,303000,10600,18700,14400,28000,11400,3280,0,1
"1586",1,2,17,27,-57,632000,243000,119000,14200,29300,12900,3550,3120,0,1
"1587",1,2,21,35,131,415000,378000,22900,93800,11900,32900,6490,3840,0,1
"1588",1,2,26,56,3,531000,40700,37600,14100,10000,3750,2870,3780,0,1
"1589",1,2,27,66,219,794000,350000,32000,70500,43200,42200,10200,2650,0,1
"1590",1,2,30,51,59,348000,46200,5470,356,2190,2310,555,418,0,1
"1591",1,2,27,37,-86,178000,121000,3560,6470,7640,6390,1190,1360,0,1
"1592",1,2,29,27,-250,794000,365000,125000,61400,34100,28500,7570,11400,0,1
"1593",1,2,23,37,12,952000,29300,10100,10000,3410,2420,1460,353,0,1
"1594",1,2,21,48,93,1280000,302000,44600,72800,27700,18000,8390,5050,0,1
"1595",1,2,27,63,422,114000,137000,14700,35700,17300,19500,5500,3280,0,1
"1596",1,2,38,44,-21,203000,16700,1200,167,1660,2390,681,406,0,1
"1597",1,2,48,47,-135,811000,75300,64800,33300,27300,23700,13000,11400,0,1
"1598",1,2,48,41,-218,1080000,45300,7060,4070,3480,2540,1960,152,0,1
"1599",1,2,57,34,-21,534000,95100,7650,12400,6830,33300,3450,4240,0,1
"1600",1,2,54,43,59,658000,191000,18800,20300,15300,22200,6020,3420,0,1
"1601",1,2,41,30,91,137000,151000,31000,5790,16100,7110,5960,4210,0,1
"1602",1,2,44,29,-72,835000,2e+05,28700,16200,27900,13500,5720,4740,0,1
"1603",1,2,26,27,25,266000,181000,11500,10100,4910,7770,3210,993,0,1
"1604",1,2,17,26,-14,435000,317000,48200,7340,9100,14200,5130,2820,0,1
"1605",1,2,27,26,-26,41500,35800,1990,9840,15300,5790,2590,1850,0,1
"1606",1,2,21,24,36,1410000,458000,61700,8520,13000,14100,4440,1280,0,1
"1607",1,2,30,35,29,342000,231000,29500,64300,24400,41800,3330,2010,0,1
"1608",1,2,48,43,-51,166000,30900,12700,4150,11300,9750,813,1010,0,1
"1609",1,2,60,40,307,10900,30300,8680,582,16300,16000,1210,2950,0,1
"1610",1,2,61,51,57,243000,64600,16000,17500,3170,2580,575,483,0,1
"1611",1,2,53,51,4,245000,23500,5470,2100,2600,1680,995,1120,0,1
"1612",1,2,43,54,21,1130000,153000,60300,15300,6880,17000,14100,4240,0,1
"1613",1,2,29,66,200,814000,125000,55900,22200,27800,19100,9040,3750,0,1
"1614",1,2,30,56,-13,53800,86400,4400,15600,2530,3190,1470,797,0,1
"1615",1,2,27,50,147,420000,234000,17400,25700,19400,11100,12000,3990,0,1
"1616",1,2,29,37,36,332000,261000,8260,26500,25600,31200,7610,3410,0,1
"1617",1,2,34,30,-34,1010000,119000,17300,47500,52500,26600,6410,5240,0,1
"1618",1,2,40,44,461,183000,47200,32300,11400,4710,6560,934,425,0,1
"1619",1,2,38,43,68,234000,28800,2540,1770,2580,986,324,568,0,1
"1620",1,2,20,75,2,687000,149000,172000,32000,40800,7650,3870,3530,0,1
"1621",1,2,20,64,68,182000,126000,8710,35600,18500,10400,8990,3680,0,1
"1622",1,2,37,66,49,336000,58500,4890,7600,10100,13100,7770,2470,0,1
"1623",1,2,37,63,107,207000,71700,37800,14300,5470,13200,6530,5070,0,1
"1624",1,2,40,57,-55,793000,183000,93500,44800,39600,9890,7490,2900,0,1
"1625",1,2,43,69,1,206000,31700,31000,4070,3840,6250,462,1590,0,1
"1626",1,2,43,78,125,23900,28400,10200,5520,11300,6890,3660,2770,0,1
"1627",1,2,40,67,29,203000,48600,7540,4650,5790,4280,2020,1050,0,1
"1628",1,2,48,57,96,1610000,155000,10700,31300,24800,15500,4170,3300,0,1
"1629",1,2,44,47,298,361000,34900,5440,6810,4020,2920,1320,903,0,1
"1630",1,2,37,40,-77,353000,21600,5270,806,4940,1590,539,356,0,1
"1631",1,2,38,40,91,212000,36800,7910,1030,4770,3910,1380,555,0,1
"1632",1,2,38,44,16,939000,153000,37200,30900,26400,19400,4660,3050,0,1
"1633",1,2,34,50,-106,299000,1e+05,12500,42200,21900,6040,2230,1100,0,1
"1634",1,2,50,44,457,42000,93900,8880,16400,34600,38400,9150,3990,0,1
"1635",1,2,41,40,-22,176000,36500,3060,949,970,1540,674,292,0,1
"1636",1,2,27,27,49,623000,241000,18100,13400,23500,5890,4290,1070,0,1
"1637",1,2,35,29,72,76300,47600,16200,14300,5610,6010,938,677,0,1
"1638",1,2,20,24,1,151000,55000,3790,3360,9600,4340,923,1020,0,1
"1639",1,2,13,43,36,290000,46000,29200,3530,5100,1450,1440,502,0,1
"1640",1,2,21,51,64,910000,218000,54500,15300,31000,14300,13100,2510,0,1
"1641",1,2,30,48,4,455000,61100,17400,17300,9140,20500,3490,2740,0,1
"1642",1,2,44,69,105,266000,17100,15800,9330,3680,12100,2240,2270,0,1
"1643",1,2,53,63,53,352000,158000,44900,10300,10000,10300,2790,2720,0,1
"1644",1,2,64,83,-49,15100,10600,17000,37600,11700,10300,3300,4710,0,1
"1645",1,2,56,77,289,148000,22800,1890,4010,2130,3320,1800,463,0,1
"1646",1,2,43,83,-37,682000,21000,21700,12700,2280,3330,1150,1050,0,1
"1647",1,2,50,90,-59,127000,135000,62700,44900,13700,22400,9250,6480,0,1
"1648",1,2,41,83,-164,1230000,47800,62800,84600,101000,12800,5220,4020,0,1
"1649",1,2,41,93,-68,497000,12300,6710,4260,6210,2670,1900,653,0,1
"1650",1,2,30,74,35,161000,82900,13100,4860,11200,1810,2140,797,0,1
"1651",1,2,21,66,185,22400,43000,16700,3390,9720,2030,2280,2190,0,1
"1652",1,2,20,54,48,37900,11700,2440,1950,1700,987,721,215,0,1
"1653",1,2,29,37,74,64200,22300,2400,1520,15100,7750,2930,2630,0,1
"1654",1,2,41,43,-61,106000,93700,28600,15300,4860,8200,4710,2190,0,1
"1655",1,2,44,51,134,637000,84600,56100,19600,18100,6820,1020,1600,0,1
"1656",1,2,44,53,98,273000,66700,23500,3440,3560,6180,1870,898,0,1
"1657",1,2,38,67,0,321000,61100,23300,7440,3850,14800,4990,6680,0,1
"1658",1,2,43,81,55,423000,75800,112000,23100,17700,19600,7720,2560,0,1
"1659",1,2,56,80,277,39400,27500,13700,17900,17900,10700,2270,3920,0,1
"1660",1,2,48,81,22,296000,33500,18600,1710,8240,1570,837,633,0,1
"1661",1,2,43,81,91,457000,123000,10700,42900,4730,15500,3880,4660,0,1
"1662",1,2,38,69,7,171000,46200,8870,12300,1970,3710,1100,1100,0,1
"1663",1,2,26,69,-43,924000,180000,39900,128000,81300,19600,10500,5230,0,1
"1664",1,2,35,61,-46,232000,345000,59300,21300,40800,26400,5200,4630,0,1
"1665",1,2,29,70,81,1100000,78600,108000,5250,16900,10600,3060,3160,0,1
"1666",1,3,1,44,115,1570000,785000,208000,48000,12300,53200,37200,6610,0,1
"1667",1,3,1,44,116,113000,87800,20500,17000,62800,42400,11600,5310,0,1
"1668",1,3,1,47,-216,1350000,663000,76100,133000,31900,65800,82900,8160,0,1
"1669",1,3,1,37,224,2710000,297000,102000,43700,120000,73900,19800,11100,0,1
"1670",1,3,1,37,-865,1840000,310000,27200,70000,125000,60700,48500,27700,0,1
"1671",1,3,1,37,33,170000,6000,5980,2070,4070,2290,3210,921,0,1
"1672",1,3,3,29,-145,258000,73800,22200,16100,8560,7430,11900,1610,0,1
"1673",1,3,3,26,89,861000,833000,139000,92700,19400,54000,13200,4550,0,1
"1674",1,3,11,17,202,1370000,290000,16700,44800,45500,63800,61200,6200,0,1
"1675",1,3,13,27,-108,638000,54400,18500,26200,4430,21100,9220,1740,0,1
"1676",1,3,24,26,-135,86400,11600,4020,3810,4070,3850,1910,289,0,1
"1677",1,3,20,23,115,558000,173000,13400,28400,7990,4260,13800,2110,0,1
"1678",1,3,11,26,280,161000,131000,18100,10900,10300,8450,17700,644,0,1
"1679",1,3,10,17,-13,1130000,49600,3450,19800,7440,10100,12900,678,0,1
"1680",1,3,8,29,-169,256000,4390,6830,4160,4330,2550,1130,538,0,1
"1681",1,3,21,37,45,341000,37500,17900,6210,17900,7150,5830,1200,0,1
"1682",1,3,13,29,243,91100,298000,14500,15800,19000,7040,3500,2740,0,1
"1683",1,3,13,48,1,164000,3350,11500,7910,11800,3210,1860,285,0,1
"1684",1,3,16,51,-152,633000,15500,9650,21800,4060,10400,6540,1430,0,1
"1685",1,3,17,56,-1,604000,58600,5180,32000,9160,11400,8310,1860,0,1
"1686",1,3,29,75,209,120000,30800,8390,4200,1990,3490,2290,196,0,1
"1687",1,3,26,64,54,98300,239000,128000,15700,20200,31600,26900,2000,0,1
"1688",1,3,8,30,-45,963000,218000,5620,17400,3550,7420,4260,326,0,1
"1689",1,3,7,23,-2,1160000,228000,44700,44300,34000,30800,10300,3000,0,1
"1690",1,3,1,30,124,82000,28500,11400,10300,4330,2220,670,292,0,1
"1691",1,3,1,8,48,697000,872000,42000,69400,21100,96600,32400,4130,0,1
"1692",1,3,8,10,99,82800,32500,3560,1050,2260,2450,2090,446,0,1
"1693",1,3,7,24,-46,736000,39300,13000,24600,1530,6180,6030,500,0,1
"1694",1,3,14,20,297,392000,201000,56300,50400,17200,32800,37200,3130,0,1
"1695",1,3,11,41,-3,1860000,82200,26600,21700,9340,8400,2710,1080,0,1
"1696",1,3,14,56,180,536000,278000,74800,33500,22800,31500,24400,4760,0,1
"1697",1,3,20,43,-26,40100,92500,12800,24300,2670,16300,13900,1750,0,1
"1698",1,3,20,48,-182,482000,274000,92600,113000,13700,56800,17000,3030,0,1
"1699",1,3,23,43,-39,114000,69100,6540,21000,5290,8310,3430,926,0,1
"1700",1,3,24,51,210,735000,56800,32800,13700,10600,10400,3130,784,0,1
"1701",1,3,21,54,81,117000,79300,7710,31200,2950,8280,4610,606,0,1
"1702",1,3,17,50,-33,396000,59900,17800,12600,2170,8110,7230,594,0,1
"1703",1,3,20,38,-115,130000,164000,10800,14100,5140,19900,5030,1530,0,1
"1704",1,3,21,34,183,503000,44600,6010,18700,7010,9380,3100,864,0,1
"1705",1,3,20,40,178,864000,248000,184000,34200,24000,30400,17700,5340,0,1
"1706",1,3,20,41,-5,399000,47800,20600,12800,20700,6480,4210,486,0,1
"1707",1,3,17,48,153,1080000,328000,38400,124000,14800,39900,19100,2590,0,1
"1708",1,3,14,29,331,143000,216000,37900,9550,12100,13800,4500,889,0,1
"1709",1,3,20,29,21,290000,63500,8880,28000,3280,12600,6730,1890,0,1
"1710",1,3,11,35,-109,1740000,351000,6810,109000,12300,25400,23700,1540,0,1
"1711",1,3,4,34,17,1790000,1560000,467000,230000,184000,91000,38800,15100,0,1
"1712",1,3,14,30,423,880000,344000,40000,27500,32200,50000,41800,1510,0,1
"1713",1,3,3,27,9,271000,163000,33400,24000,4290,8180,6910,1530,0,1
"1714",1,3,11,34,-107,358000,42200,14000,14100,3760,8710,6890,345,0,1
"1715",1,3,20,48,-58,876000,107000,83300,61200,8390,23400,9500,2710,0,1
"1716",1,3,16,66,154,537000,315000,158000,72500,8050,42000,9820,4990,0,1
"1717",1,3,23,57,112,809000,405000,15000,81000,11400,43800,29100,2550,0,1
"1718",1,3,13,38,-149,689000,562000,38800,35800,20800,28600,13500,2860,0,1
"1719",1,3,21,34,130,1860000,74900,26600,79100,32000,33400,19400,7620,0,1
"1720",1,3,24,17,131,1030000,354000,66500,29500,12900,50600,41200,2140,0,1
"1721",1,3,26,41,-33,227000,28500,26900,10300,4190,6610,6050,671,0,1
"1722",1,3,23,60,-21,231000,88900,33900,8120,6540,4180,3020,662,0,1
"1723",1,3,23,54,156,894000,208000,49500,105000,34900,64700,12800,6830,0,1
"1724",1,3,14,75,105,710000,846000,992000,31000,175000,99100,50700,8600,0,1
"1725",1,3,8,60,-58,844000,388000,53400,96200,22200,26100,11400,3660,0,1
"1726",1,3,24,64,-33,196000,30100,18200,8470,6030,10500,2480,653,0,1
"1727",1,3,26,50,208,1960000,131000,16700,19700,37800,31700,13800,2880,0,1
"1728",1,3,27,29,50,1080000,306000,39900,40600,18100,20900,9190,2250,0,1
"1729",1,3,34,38,-4,253000,46700,22100,12500,2620,5470,7230,1220,0,1
"1730",1,3,21,54,6,1570000,77300,232000,47900,32800,18600,9170,4860,0,1
"1731",1,3,21,74,130,743000,116000,70500,53100,20300,50500,15100,2620,0,1
"1732",1,3,23,70,1,1970000,183000,13900,31200,21900,15200,10500,1990,0,1
"1733",1,3,11,44,-41,879000,737000,25900,54700,17800,13900,10200,1140,0,1
"1734",1,3,8,3,35,777000,325000,30800,5180,31200,13700,9140,2190,0,1
"1735",1,3,4,1,135,858000,56900,7600,4350,12600,9390,1090,1310,0,1
"1736",1,3,4,1,24,174000,32500,13700,14700,5830,3260,2500,562,0,1
"1737",1,3,11,3,73,463000,139000,13500,11600,5310,5660,1100,511,0,1
"1738",1,3,24,35,59,2110000,97200,171000,208000,171000,78800,27200,15200,0,1
"1739",1,3,16,40,-25,1850000,1780000,167000,227000,73700,119000,30800,6770,0,1
"1740",1,3,11,13,33,1060000,402000,12000,19400,9590,14300,11500,4420,0,1
"1741",1,3,21,21,147,528000,103000,29000,9670,22600,14500,6860,2890,0,1
"1742",1,3,17,13,1,1040000,121000,45300,41100,8600,23300,9110,1720,0,1
"1743",1,3,20,8,-56,151000,16200,1410,519,663,1120,326,112,0,1
"1744",1,3,34,16,38,480000,245000,10100,35300,32500,33900,5320,2620,0,1
"1745",1,3,34,24,146,901000,238000,79100,52500,12900,35600,11300,4950,0,1
"1746",1,3,27,7,25,608000,743000,71700,65000,310000,65500,24500,5740,0,1
"1747",1,3,29,23,-72,1640000,732000,225000,137000,49700,75000,33200,12200,0,1
"1748",1,3,17,14,52,1790000,513000,16400,17800,30500,23100,4660,2800,0,1
"1749",1,3,17,8,109,385000,121000,18700,22200,20100,15200,4610,2090,0,1
"1750",1,3,14,34,-22,2130000,175000,121000,31400,11400,16300,20000,1450,0,1
"1751",1,3,20,38,-98,1390000,381000,110000,155000,84500,78100,16700,8090,0,1
"1752",1,3,29,60,357,158000,73300,20000,13100,8350,11700,2190,571,0,1
"1753",1,3,21,53,168,903000,281000,20200,27300,25100,12300,8970,2150,0,1
"1754",1,3,23,34,-59,47400,59100,9290,1390,4550,4600,941,746,0,1
"1755",1,3,13,11,-94,385000,275000,15000,9630,21300,13900,3390,2030,0,1
"1756",1,3,1,11,166,134000,26800,7780,4620,4470,1210,440,585,0,1
"1757",1,3,1,23,137,1910000,1640000,641000,54400,87400,45000,19600,11100,0,1
"1758",1,3,1,29,-57,952000,213000,50900,22900,48500,14900,3500,1720,0,1
"1759",1,3,1,38,-72,1380000,1260000,138000,79300,40700,85900,12300,5820,0,1
"1760",1,3,1,26,162,1460000,1020000,115000,49800,18800,44500,14800,10600,0,1
"1761",1,3,1,11,17,1120000,406000,42800,8990,23100,4330,9680,2690,0,1
"1762",1,3,1,11,-36,1010000,325000,64500,20000,18200,8110,4430,2800,0,1
"1763",1,3,1,1,12,717000,295000,5810,7070,15100,17300,3280,4500,0,1
"1764",1,3,8,10,26,1010000,607000,148000,41200,52800,92000,15900,12100,0,1
"1765",1,3,20,17,18,370000,222000,41700,2750,5630,12300,12700,1550,0,1
"1766",1,3,24,4,49,1600000,170000,7940,2230,8330,6100,2340,1510,0,1
"1767",1,3,20,34,34,956000,297000,170000,11800,32200,15000,27800,1590,0,1
"1768",1,3,14,41,131,852000,328000,124000,102000,37000,39800,21100,4590,0,1
"1769",1,3,23,57,-21,603000,64200,72800,9630,25800,14200,8080,2830,0,1
"1770",1,3,23,74,43,72300,32900,3020,6130,2360,1650,1330,703,0,1
"1771",1,3,34,70,17,585000,125000,44800,16700,13000,16800,5190,1170,0,1
"1772",1,3,21,67,-154,1130000,435000,186000,21600,29000,11600,22500,3230,0,1
"1773",1,3,10,57,-2,99600,24500,4880,3920,2460,885,268,408,0,1
"1774",1,3,14,53,131,864000,246000,37200,10700,10800,16800,1980,2020,0,1
"1775",1,3,11,61,50,2670000,245000,165000,135000,78400,37900,12500,5390,0,1
"1776",1,3,20,37,2,1160000,472000,8110,13300,21200,27200,7250,4670,0,1
"1777",1,3,38,40,54,1090000,78300,54700,4820,26800,23400,5800,2640,0,1
"1778",1,3,37,38,44,3480000,570000,68200,16100,21800,31100,19000,5280,0,1
"1779",1,3,37,24,-20,112000,26000,4920,1460,2260,2360,406,251,0,1
"1780",1,3,30,41,-58,2090000,510000,78600,40400,53400,17700,5410,2920,0,1
"1781",1,3,26,41,155,1380000,440000,181000,129000,109000,65600,11700,5650,0,1
"1782",1,4,53,56,121,138000,20600,286,35500,20900,17500,8720,11600,0,1
"1783",1,4,54,66,148,579000,31900,24900,7910,9840,6650,5230,2890,0,1
"1784",1,4,56,57,90,984000,387000,25400,20000,35600,30300,31700,41300,0,1
"1785",1,4,50,51,41,27900,334000,14500,21600,14500,8850,8350,6760,0,1
"1786",1,4,41,41,18,343000,72600,16600,5330,18900,12300,12000,4020,0,1
"1787",1,4,41,35,56,199000,41000,16900,7050,5150,5840,1090,1300,0,1
"1788",1,4,40,40,83,133000,83300,9240,12100,41200,6440,14900,7190,0,1
"1789",1,4,41,40,164,602000,756000,30800,61800,45900,24000,7830,9270,0,1
"1790",1,4,38,56,97,39900,33600,37500,21000,12900,9070,11700,4600,0,1
"1791",1,4,40,57,59,124000,13600,6310,3300,2400,2180,378,425,0,1
"1792",1,4,41,69,-43,344000,253000,76100,82700,18600,34300,6690,4630,0,1
"1793",1,4,51,77,61,1160000,262000,42900,23400,31900,25100,10200,8280,0,1
"1794",1,4,53,61,123,349000,90200,9690,19800,18900,13700,13700,6510,0,1
"1795",1,4,54,64,1,11900,15800,11600,12500,11000,4440,2480,2990,0,1
"1796",1,4,53,61,-275,115000,168000,16400,59000,35900,17100,5210,2690,0,1
"1797",1,4,54,60,315,3200000,262000,35100,19800,32000,29200,16400,10900,0,1
"1798",1,4,48,60,76,641000,72300,17900,6030,5540,4590,2230,5250,0,1
"1799",1,4,48,53,18,105000,121000,51600,21300,55500,24400,9430,7250,0,1
"1800",1,4,56,44,81,135000,117000,9370,15400,25300,27500,4380,10700,0,1
"1801",1,4,53,50,90,948000,241000,46500,53000,37900,20900,9790,8170,0,1
"1802",1,4,66,53,-40,52300,17200,10300,8810,29400,7500,7430,4660,0,1
"1803",1,4,61,47,-200,518000,212000,15900,33300,50800,16100,6440,4820,0,1
"1804",1,4,54,61,23,123000,50700,29900,19400,6990,10900,6080,4590,0,1
"1805",1,4,56,61,-20,101000,107000,28400,19700,19000,11400,4950,3360,0,1
"1806",1,4,47,61,41,176000,65400,16400,9600,8980,6900,997,985,0,1
"1807",1,4,43,66,3,192000,146000,35700,24100,52700,8930,3240,4820,0,1
"1808",1,4,48,56,43,28400,14700,11800,12500,65200,6450,5440,5970,0,1
"1809",1,4,41,64,55,541000,19000,4000,15900,7190,1410,1300,1530,0,1
"1810",1,4,41,74,54,179000,31800,20900,9550,3280,4820,2550,625,0,1
"1811",1,4,44,84,58,343000,58100,67200,58000,63100,11300,5880,1140,0,1
"1812",1,4,38,90,41,526000,145000,81700,15800,26100,18400,3670,3580,0,1
"1813",1,4,38,83,197,332000,53500,16000,9430,12700,3060,1980,662,0,1
"1814",1,4,35,77,5,103000,67600,28100,9610,11800,4710,800,1120,0,1
"1815",1,4,29,77,309,384000,57000,20600,16900,11200,3670,2370,957,0,1
"1816",1,4,38,83,4,204000,113000,41200,57300,25400,19600,7950,4330,0,1
"1817",1,4,43,77,23,558000,35000,22400,8160,9620,8360,3120,2190,0,1
"1818",1,4,40,66,49,197000,64900,9030,2990,5790,2480,1030,313,0,1
"1819",1,4,47,63,81,148000,158000,54600,18200,16100,16200,5320,1350,0,1
"1820",1,4,41,61,18,235000,17900,16100,1380,8980,1910,799,977,0,1
"1821",1,4,48,61,-2,9380,15400,12500,8590,10000,8120,4030,3840,0,1
"1822",1,4,66,69,-11,169000,47700,11000,20300,28400,16900,3220,3430,0,1
"1823",1,4,70,75,100,169000,57800,18400,35900,12200,12900,6830,2720,0,1
"1824",1,4,78,67,65,140000,23100,3470,6710,4440,3730,1310,633,0,1
"1825",1,4,64,51,59,423000,156000,2360,14500,11200,8900,3780,6270,0,1
"1826",1,4,75,48,20,14800,8840,2220,6450,10600,13400,3890,4430,0,1
"1827",1,4,63,43,103,241000,224000,94700,17600,25400,12300,1670,8910,0,1
"1828",1,4,60,47,41,422000,68900,32100,12500,22300,10400,5920,1370,0,1
"1829",1,4,61,63,33,273000,99000,57500,13600,21200,10800,4260,2500,0,1
"1830",1,4,37,66,340,177000,51900,15500,9480,12600,3870,2670,970,0,1
"1831",1,4,41,66,146,46000,5340,1440,1660,1290,595,120,38,0,1
"1832",1,4,50,63,-33,1040000,711000,60300,296000,223000,255000,51300,85200,0,1
"1833",1,4,60,64,-91,1730000,175000,255000,139000,326000,95700,85900,78900,0,1
"1834",1,4,63,57,-17,865000,201000,21600,26600,5500,23400,16800,8620,0,1
"1835",1,4,64,48,-125,572000,545000,77600,21400,38700,52800,43700,13800,0,1
"1836",1,4,63,43,65,1540000,24600,2260,3940,7500,5880,6600,6760,0,1
"1837",1,4,48,38,-53,257000,74000,27400,6370,5330,3790,3420,3780,0,1
"1838",1,4,40,30,101,390000,484000,8090,44000,60200,22000,11800,4510,0,1
"1839",1,4,43,35,114,230000,77100,18200,5860,4900,10400,5280,1650,0,1
"1840",1,4,35,40,69,119000,102000,14600,24400,23400,11000,12200,13200,0,1
"1841",1,4,38,35,89,386000,411000,78400,36000,35400,29500,10100,3490,0,1
"1842",1,4,51,48,57,13300,49300,14100,9550,5850,10100,3980,5870,0,1
"1843",1,4,51,56,8,252000,13100,7620,5690,5930,2880,2950,4350,0,1
"1844",1,4,44,63,-33,197000,229000,90300,46600,18600,12600,5950,3560,0,1
"1845",1,4,60,75,70,11100,12500,3700,13300,4970,8860,5820,4770,0,1
"1846",1,4,44,64,87,260000,358000,31500,19500,28700,11400,13400,8550,0,1
"1847",1,4,41,54,85,264000,36400,1500,8060,2030,3130,2540,1980,0,1
"1848",1,4,56,64,39,13300,6310,31800,7880,12500,9130,2400,6130,0,1
"1849",1,4,43,66,40,201000,17700,13900,5590,2320,2730,1150,644,0,1
"1850",1,4,48,69,37,460000,153000,3990,29000,38900,8850,8200,1210,0,1
"1851",1,4,48,74,132,319000,95800,36600,7340,40200,9920,3540,2110,0,1
"1852",1,4,34,57,152,293000,44100,4630,11500,3250,2230,965,574,0,1
"1853",1,4,30,44,-148,105000,59800,6680,8740,9980,4550,617,706,0,1
"1854",1,4,30,51,42,253000,205000,60000,35500,21200,13700,4690,6030,0,1
"1855",1,4,34,53,48,98700,168000,52000,18000,27700,19200,5410,5120,0,1
"1856",1,4,40,57,-182,87400,61400,40200,15600,27000,10500,5880,6460,0,1
"1857",1,4,27,53,-33,222000,115000,3100,14400,10400,2020,2150,1150,0,1
"1858",1,4,30,54,-11,45000,47000,15300,18300,37200,5280,2200,4130,0,1
"1859",1,4,23,51,104,230000,102000,14800,10700,7600,4080,1680,487,0,1
"1860",1,4,21,41,53,608000,134000,18600,13000,11200,12400,2110,1280,0,1
"1861",1,4,27,51,236,1140000,288000,87000,22300,12000,12100,5070,6530,0,1
"1862",1,4,24,50,-35,176000,38100,9100,5690,3060,2740,1120,1080,0,1
"1863",1,4,26,47,23,520000,286000,28100,25200,13200,11500,6280,1590,0,1
"1864",1,4,17,44,41,409000,335000,29200,30700,8210,14100,8160,2000,0,1
"1865",1,4,29,44,66,88300,19900,6510,1810,5250,2710,840,464,0,1
"1866",1,4,29,44,39,70500,39800,14100,3250,4060,3160,208,154,0,1
"1867",1,4,40,48,-43,115000,76100,2550,22300,20400,9220,5830,1780,0,1
"1868",1,4,47,60,65,64900,115000,19800,69700,11600,12900,4930,5870,0,1
"1869",1,4,43,56,-72,324000,82100,14700,6530,9030,6700,6920,1600,0,1
"1870",1,4,47,64,-195,131000,279000,282000,54800,54200,56100,29700,39000,0,1
"1871",1,4,48,67,45,3060000,328000,71100,57600,71300,46700,21900,19300,0,1
"1872",1,4,56,66,6,22100,30900,17400,9230,11000,11300,8920,1900,0,1
"1873",1,4,64,77,20,26900,45800,24800,19900,7920,14400,7940,5430,0,1
"1874",1,4,54,81,22,552000,38600,43200,43200,9100,3810,2210,1600,0,1
"1875",1,4,56,90,-23,75300,19700,7960,12100,3330,4920,7970,5520,0,1
"1876",1,4,38,84,60,109000,142000,40300,5260,4360,4600,1270,553,0,1
"1877",1,4,37,78,150,105000,17700,7810,6000,21600,4850,6330,5450,0,1
"1878",1,4,37,51,65,377000,218000,11600,18800,44600,6850,7010,3730,0,1
"1879",1,4,40,48,-12,30800,19400,9560,7160,6760,6540,1370,416,0,1
"1880",1,4,54,37,-4,275000,162000,12900,4660,19500,19700,2400,2770,0,1
"1881",1,4,53,37,65,29000,27500,5200,8790,10400,5830,4240,2150,0,1
"1882",1,4,66,57,18,370000,47200,12900,76500,32700,16100,4280,1840,0,1
"1883",1,4,53,57,57,61300,150000,84600,25400,33300,11200,4020,1190,0,1
"1884",1,4,50,90,57,9970,8670,7390,54300,21400,5560,2830,2810,0,1
"1885",1,4,38,93,23,340000,119000,26000,42400,22600,7730,2250,2780,0,1
"1886",1,4,38,84,74,320000,14500,6430,4980,10900,2730,1270,438,0,1
"1887",1,4,38,80,32,832000,168000,12500,62900,29600,9850,2640,2110,0,1
"1888",1,4,47,75,-20,23800,14900,6660,33300,12700,9380,5100,2020,0,1
"1889",1,4,38,67,-6,191000,52100,7090,8170,4770,1300,902,793,0,1
"1890",1,4,29,54,-2,14300,94900,9460,3630,10700,4430,2940,1710,0,1
"1891",1,4,38,69,-22,27400,8460,9640,17000,3730,4040,1480,2790,0,1
"1892",1,4,27,60,221,982000,218000,79300,22200,30500,16900,8080,3540,0,1
"1893",1,4,47,61,32,87300,69300,19000,6790,13100,11600,4310,3620,0,1
"1894",1,4,53,67,-21,88600,15100,73,4160,2710,1630,1300,580,0,1
"1895",1,4,48,67,113,298000,5120,8130,9720,4430,1600,790,895,0,1
"1896",1,4,48,70,156,426000,1e+05,30700,50600,20400,11700,3320,9760,0,1
"1897",1,4,40,84,-22,410000,113000,74700,90200,24900,13700,4500,5610,0,1
"1898",1,4,37,100,7,794000,38800,18500,32900,4130,5310,7300,3980,0,1
"1899",1,4,37,81,-125,917000,397000,57300,60800,46100,30900,87000,26500,0,1
"1900",1,4,35,69,-76,523000,306000,19700,31800,11800,17600,20500,8500,0,1
"1901",1,4,35,64,55,175000,178000,124000,72800,68100,19400,14700,23800,0,1
"1902",1,4,29,41,-9,657000,813000,68200,33200,37500,29600,23000,28200,0,1
"1903",1,4,26,40,-8,155000,181000,14300,28000,13400,9210,11900,14600,0,1
"1904",1,4,34,51,28,792000,69400,11900,27400,12900,13000,15000,9130,0,1
"1905",1,4,38,38,10,796000,513000,96800,49500,110000,60100,38600,23400,0,1
"1906",1,4,50,57,-166,1210000,274000,327000,27200,97500,83700,82300,63900,0,1
"1907",1,4,50,47,-90,1150000,1120000,30500,53900,18000,53000,59900,27800,0,1
"1908",1,4,48,37,119,548000,465000,41700,56100,29300,55100,62400,14700,0,1
"1909",1,4,60,44,76,452000,46200,17200,22100,13900,22700,10100,18000,0,1
"1910",1,4,47,27,22,1900000,615000,48400,54500,34800,22900,94700,21600,0,1
"1911",1,4,61,38,-1,752000,41800,1140,9790,8700,9690,5990,4270,0,1
"1912",1,4,66,48,52,227000,146000,44400,58800,34600,46700,12600,15400,0,1
"1913",1,4,56,54,-177,198000,102000,79000,56300,53100,23800,11400,6090,0,1
"1914",1,4,61,63,11,2860000,97100,27200,14800,18100,7420,7180,14400,0,1
"1915",1,4,51,70,5,96000,111000,22400,36700,31200,10300,7480,6940,0,1
"1916",1,4,43,69,-1,964000,167000,46700,28400,6140,18400,8450,6100,0,1
"1917",1,4,44,70,23,28400,18600,5730,27700,8570,6540,4190,4550,0,1
"1918",1,4,61,75,-204,346000,53100,33900,22400,27200,34800,15900,11700,0,1
"1919",1,4,56,66,5,796000,53600,7130,6120,25000,2790,892,1280,0,1
"1920",1,4,61,77,35,343000,13800,5890,20500,3540,4520,2180,1440,0,1
"1921",1,4,77,64,61,19900,8730,8990,3130,13500,13500,5940,9990,0,1
"1922",1,4,66,63,53,9870,47800,11200,17100,12300,8770,6830,4900,0,1
"1923",1,4,80,67,92,155000,88100,5960,30500,30300,19400,9150,5250,0,1
"1924",1,4,78,66,-161,34500,90700,66500,57300,8790,22100,17700,4600,0,1
"1925",1,4,61,70,85,553000,43600,27300,3760,14000,7680,1120,1780,0,1
"1926",1,5,66,69,-346,1e+06,151000,32600,73900,45500,29900,26400,10200,1,0
"1927",1,5,69,70,22,964000,71800,38600,17100,6300,16000,8720,14100,1,0
"1928",1,5,77,61,66,34500,33800,10900,9860,18900,18200,16600,20000,1,0
"1929",1,5,75,51,74,430000,214000,11700,24300,13500,41000,7690,7620,1,0
"1930",1,5,83,57,-14,10500,7100,12100,27100,27200,12600,8770,8470,1,0
"1931",1,5,81,61,59,297000,69600,41900,40800,11300,13600,8450,3080,1,0
"1932",1,5,69,77,49,754000,17900,19400,11300,3130,4040,1550,906,1,0
"1933",1,5,78,87,0,15900,16000,2930,13500,19000,13300,3260,1790,1,0
"1934",1,5,74,84,35,4640,9870,6990,11000,11300,4930,6890,2070,1,0
"1935",1,5,80,87,8,846000,48300,68000,34100,18100,24700,26900,50700,1,0
"1936",1,5,75,81,86,212000,85000,26600,40500,10100,8050,5880,2370,1,0
"1937",1,5,69,84,185,77000,62100,23900,35200,9660,26900,10000,4940,1,0
"1938",1,5,66,75,-57,905000,83900,14200,15300,24500,15200,20200,9240,1,0
"1939",1,5,54,51,49,173000,168000,6120,12300,3940,9020,9830,6410,1,0
"1940",1,5,64,48,-2,407000,35400,22800,4150,5220,9350,7340,4230,1,0
"1941",1,5,70,41,-42,79000,37400,12300,32000,69600,36300,22200,10300,1,0
"1942",1,5,74,47,151,315000,94300,50700,5550,12800,26300,16500,6680,1,0
"1943",1,5,83,47,0,204000,120000,10900,5380,26800,19600,9470,7640,1,0
"1944",1,5,83,54,37,11700,3990,40200,19800,36200,8950,4060,6260,1,0
"1945",1,5,66,70,-41,52900,40500,87500,31500,19300,14100,13000,8070,1,0
"1946",1,5,74,75,-4,50300,22600,26800,4900,18200,15600,4130,8810,1,0
"1947",1,5,56,91,-371,215000,259000,141000,33100,38300,10400,5090,7260,1,0
"1948",1,5,60,84,-53,1770000,96600,16200,81400,15100,33400,7460,9180,1,0
"1949",1,5,64,70,28,40900,40000,16100,4050,6500,9630,4130,3720,1,0
"1950",1,5,53,53,-23,236000,67300,5510,2110,11700,6480,6780,6650,1,0
"1951",1,5,70,53,9,7240,15900,14900,9300,14900,6970,5480,3840,1,0
"1952",1,5,60,47,68,242000,162000,43700,12100,13500,11800,6420,5860,1,0
"1953",1,5,48,48,8,182000,73200,25900,19000,21700,6100,4750,3840,1,0
"1954",1,5,51,56,-18,118000,63700,8550,13600,15500,11200,9230,7320,1,0
"1955",1,5,53,56,-78,77300,74900,46300,38600,35500,29200,6680,7380,1,0
"1956",1,5,64,54,69,10400,24600,3280,6460,7080,6650,4680,4630,1,0
"1957",1,5,83,56,39,14800,13300,1790,14700,11900,10100,5630,3770,1,0
"1958",1,5,91,64,482,10700,25500,18500,8700,12900,15900,4590,8950,1,0
"1959",1,5,74,60,-11,2270000,270000,66200,41900,18100,10800,13200,13800,1,0
"1960",1,5,69,53,115,819000,253000,10200,31100,73000,31900,21000,17800,1,0
"1961",1,5,57,48,-38,634000,1010000,121000,265000,164000,131000,137000,123000,1,0
"1962",1,5,44,48,53,1930000,844000,239000,299000,135000,114000,108000,42800,1,0
"1963",1,5,56,40,358,1340000,85200,3200,13400,18900,10100,16200,10800,1,0
"1964",1,5,54,51,-29,223000,125000,30100,42500,22000,16600,4080,16600,1,0
"1965",1,5,53,47,-28,2040000,413000,64400,20900,18800,47400,19900,32000,1,0
"1966",1,5,50,47,77,104000,47400,14300,12400,5450,4670,4070,8310,1,0
"1967",1,5,47,41,-21,609000,282000,10400,20000,24600,19300,27300,16200,1,0
"1968",1,5,54,47,-26,1170000,65000,81000,14800,20500,31400,32800,9010,1,0
"1969",1,5,54,67,-11,673000,20500,5110,76400,15500,9800,5730,8400,1,0
"1970",1,5,53,66,102,224000,41300,15000,6540,8800,3370,2180,4970,1,0
"1971",1,5,63,81,52,787000,133000,55300,32900,32900,35400,6480,12900,1,0
"1972",1,5,69,75,3,11000,20000,5650,14000,13300,15600,9750,4660,1,0
"1973",1,5,69,61,-140,107000,137000,29000,40500,21400,20500,6470,6190,1,0
"1974",1,5,74,57,-42,68100,212000,41600,28600,22600,18500,14800,19300,1,0
"1975",1,5,61,63,33,284000,57500,25900,20200,11000,5000,1420,983,1,0
"1976",1,5,57,64,8,27300,12500,15100,753,8430,9190,4090,4360,1,0
"1977",1,5,63,67,43,364000,47100,44300,12400,32600,16200,5550,5400,1,0
"1978",1,5,74,81,199,13200,32800,18900,38700,7560,19800,8140,11800,1,0
"1979",1,5,78,80,26,252000,63800,38200,12600,13800,8470,2520,776,1,0
"1980",1,5,77,77,52,9450,7920,3780,11500,27600,6300,5670,5760,1,0
"1981",1,5,60,69,49,1190000,296000,66100,42500,62900,12200,5370,4870,1,0
"1982",1,5,60,61,100,16600,30400,7690,12700,4980,9630,5660,4590,1,0
"1983",1,5,56,57,-54,159000,202000,87900,16900,37700,20100,6140,6480,1,0
"1984",1,5,63,56,117,26100,11900,8720,2850,8560,12300,2110,6870,1,0
"1985",1,5,74,61,69,1440000,68000,43400,8760,24000,10200,5640,4200,1,0
"1986",1,5,64,60,98,534000,127000,25800,31700,15800,14800,5110,7230,1,0
"1987",1,5,78,57,230,546000,32100,9700,8800,13100,13100,5920,6440,1,0
"1988",1,5,54,53,55,201000,20200,2600,1960,2210,1090,495,163,1,0
"1989",1,5,60,40,83,114000,15000,770,1620,2080,2710,1580,1070,1,0
"1990",1,5,63,35,59,159000,129000,24800,8430,10600,17200,7060,2270,1,0
"1991",1,5,48,35,55,107000,24900,7120,3010,2920,1820,1450,872,1,0
"1992",1,5,54,35,64,278000,13000,2280,808,2580,1420,672,1410,1,0
"1993",1,5,51,40,54,299000,157000,30400,22400,41000,19000,5340,3220,1,0
"1994",1,5,44,54,-199,63300,115000,42400,44400,11900,14700,6050,5930,1,0
"1995",1,5,35,54,91,1920000,324000,41600,24200,52400,12100,6820,5290,1,0
"1996",1,5,48,50,41,17600,15900,2240,2280,11600,7330,3740,2890,1,0
"1997",1,5,53,53,-61,2350,64000,34000,36700,21700,9220,3720,3130,1,0
"1998",1,5,50,40,101,208000,161000,9690,17300,23200,9340,5100,4430,1,0
"1999",1,5,56,34,98,140000,32600,1390,2660,6450,2410,1890,754,1,0
"2000",1,5,47,35,76,167000,36700,4030,5740,17500,6040,757,783,1,0
"2001",1,5,50,26,48,144000,131000,11600,37600,4410,19200,3580,1170,1,0
"2002",1,5,61,43,71,35600,26000,12000,28500,11800,11300,3660,4580,1,0
"2003",1,5,69,51,21,322000,127000,17000,22200,19200,28400,4600,2810,1,0
"2004",1,5,74,66,113,36100,12200,8970,22000,24300,8190,5670,3450,1,0
"2005",1,5,75,74,137,420000,8420,1680,6340,1890,2080,1230,577,1,0
"2006",1,5,74,75,85,1e+05,3590,2910,2070,543,1190,625,557,1,0
"2007",1,5,74,83,66,110000,5540,1130,6580,5900,1910,1820,1590,1,0
"2008",1,5,60,66,-25,4e+05,259000,37500,5400,29300,15400,3050,3310,1,0
"2009",1,5,61,63,322,37200,44200,11900,16500,4690,9580,12500,4600,1,0
"2010",1,5,50,48,81,649000,72400,13300,2480,9060,4050,3940,1470,1,0
"2011",1,5,41,44,55,161000,35500,5840,10200,6160,3080,2490,723,1,0
"2012",1,5,35,44,-25,501000,274000,36600,10100,27400,9560,4110,5200,1,0
"2013",1,5,27,44,11,168000,140000,54200,23700,10400,16100,6440,5510,1,0
"2014",1,5,30,44,105,119000,48800,7460,2160,2920,3610,2290,1190,1,0
"2015",1,5,38,40,34,484000,142000,29600,12400,29100,24000,9340,8080,1,0
"2016",1,5,53,61,-14,396000,15000,11100,50400,20000,12500,7330,7070,1,0
"2017",1,5,60,69,41,91300,18700,18700,29000,10500,9520,3380,5750,1,0
"2018",1,5,60,66,68,153000,41400,680,4850,2910,3050,1840,633,1,0
"2019",1,5,56,66,10,142000,24600,7300,967,6940,3420,599,1250,1,0
"2020",1,5,56,63,-40,223000,23700,26300,9610,5560,8770,6150,2420,1,0
"2021",1,5,41,48,33,203000,308000,75000,12600,39000,11300,6430,3430,1,0
"2022",1,5,50,67,10,60400,40400,25900,54000,16700,16700,5630,8430,1,0
"2023",1,5,53,75,144,19100,23900,14600,11900,20000,7660,7190,3850,1,0
"2024",1,5,48,61,5,1e+06,105000,10900,14100,4400,10500,10800,6560,1,0
"2025",1,5,66,75,50,14800,12200,25200,14200,12900,9690,12100,4660,1,0
"2026",1,5,64,61,105,148000,63200,13100,5630,5990,10700,3930,5550,1,0
"2027",1,5,67,60,58,53500,41800,15200,18100,36700,14400,3070,2800,1,0
"2028",1,5,77,66,22,11000,14500,2080,8540,4880,5170,3270,3510,1,0
"2029",1,5,69,48,-11,159000,125000,15700,8620,10200,15100,7250,6400,1,0
"2030",1,5,87,51,55,8110,8740,7320,2230,5040,14500,2460,3760,1,0
"2031",1,5,78,53,-50,222000,33500,4960,12800,3340,3910,2140,891,1,0
"2032",1,5,87,53,38,28800,13300,2290,12500,4050,14300,1950,3980,1,0
"2033",1,5,90,61,16,71200,33000,14700,13000,27100,7310,1330,1860,1,0
"2034",1,5,81,54,56,88600,19200,4180,4580,27600,9750,4560,4560,1,0
"2035",1,5,87,51,82,142000,72500,13000,19500,18000,13500,3050,2090,1,0
"2036",1,5,87,51,3,5280,4910,1690,8610,12000,7190,3160,2590,1,0
"2037",1,5,87,44,-2,108000,50800,10300,4460,9320,8110,2210,2840,1,0
"2038",1,5,70,54,89,265000,70800,31800,13200,14700,8610,3140,1800,1,0
"2039",1,5,75,64,1,34100,18200,7500,22200,9160,8240,2430,2420,1,0
"2040",1,5,57,64,53,52800,41400,26100,6420,13600,7640,3440,4450,1,0
"2041",1,5,60,74,32,23400,23100,4610,15000,14000,6060,9020,2610,1,0
"2042",1,5,66,57,20,225000,19400,1550,1050,2870,3110,884,1010,1,0
"2043",1,5,66,53,35,3160,17900,1160,18100,13900,7040,4230,2750,1,0
"2044",1,5,74,44,19,120000,15600,2280,1620,3220,3700,594,625,1,0
"2045",1,5,74,50,48,232000,26900,27200,5640,12100,8370,3140,4110,1,0
"2046",1,5,75,56,71,92000,78200,8710,16900,10600,18200,2470,3690,1,0
"2047",1,5,77,56,-267,18000,49500,20300,16600,16300,16700,6200,4660,1,0
"2048",1,5,61,61,91,502000,178000,58100,11800,24600,9440,6600,6780,1,0
"2049",1,6,60,44,-41,638000,136000,1070,14600,12100,16700,11700,5280,1,0
"2050",1,6,60,50,-57,9e+05,223000,108000,15200,30700,22100,2680,4110,1,0
"2051",1,6,63,64,76,26900,19500,14100,6960,1940,4600,7930,1560,1,0
"2052",1,6,63,56,19,304000,35300,4960,6420,9700,13000,3830,1970,1,0
"2053",1,6,57,57,51,478000,346000,26900,19200,22700,26300,5570,3490,1,0
"2054",1,6,56,53,53,155000,50700,14400,1330,4790,3810,2580,1540,1,0
"2055",1,6,51,44,49,427000,57200,13000,7160,2730,4180,1150,1190,1,0
"2056",1,6,34,50,-188,93500,233000,74600,34500,15400,14200,3790,2660,1,0
"2057",1,6,35,64,19,440000,89000,45000,13200,13600,10500,16400,4830,1,0
"2058",1,6,34,66,129,87000,37500,11200,2200,5980,2240,890,1160,1,0
"2059",1,6,27,67,73,218000,44000,13700,7560,7440,2290,854,633,1,0
"2060",1,6,23,63,13,80600,49100,7230,5470,8920,1650,878,1130,1,0
"2061",1,6,38,57,-1,19700,19000,1160,13600,12000,13400,3380,4350,1,0
"2062",1,6,38,60,35,261000,189000,57600,23000,39600,12400,10100,2760,1,0
"2063",1,6,37,61,51,166000,71900,25200,7940,2510,2700,1630,328,1,0
"2064",1,6,51,63,55,75800,55600,9530,8400,4290,8480,5120,2260,1,0
"2065",1,6,27,56,38,339000,64800,11100,3890,9200,2360,847,1280,1,0
"2066",1,6,24,54,54,198000,102000,16800,23800,24400,4980,2510,3640,1,0
"2067",1,6,35,56,2,112000,67900,4350,39200,9760,7710,3510,1900,1,0
"2068",1,6,29,54,77,127000,107000,24100,12500,54800,10700,15000,4250,1,0
"2069",1,6,34,66,-33,569000,203000,98900,48800,19600,14500,2380,3450,1,0
"2070",1,6,44,66,-51,533000,89500,8840,27900,24900,15600,3430,2850,1,0
"2071",1,6,41,57,89,98200,12000,1780,2060,3710,826,370,326,1,0
"2072",1,6,43,50,92,1090000,591000,39300,15100,20800,55500,10000,7010,1,0
"2073",1,6,54,48,10,171000,22800,1160,21400,6770,7400,1540,484,1,0
"2074",1,6,54,56,67,167000,36900,11700,24700,10700,10000,8620,4280,1,0
"2075",1,6,67,69,97,17800,11900,20100,6310,8360,7680,4670,2300,1,0
"2076",1,6,80,90,27,101000,2790,1860,6710,4980,3650,1260,336,1,0
"2077",1,6,78,87,45,1040000,107000,18800,38900,21900,21900,4090,2270,1,0
"2078",1,6,77,87,34,9440,25300,18100,8650,17000,5880,2060,2120,1,0
"2079",1,6,63,75,84,296000,124000,19900,21800,20900,7610,1880,2910,1,0
"2080",1,6,51,75,1,5440,18800,9020,9490,5360,4090,2090,3770,1,0
"2081",1,6,37,77,107,411000,306000,134000,17000,23700,10900,2930,2100,1,0
"2082",1,6,27,63,59,134000,111000,4920,14900,6030,5720,1660,622,1,0
"2083",1,6,23,61,29,5e+05,169000,8060,36200,52100,5620,4580,3100,1,0
"2084",1,6,17,60,37,80000,139000,49900,63700,19400,14500,3490,4690,1,0
"2085",1,6,44,53,85,3160,22800,4350,4960,6440,15300,4130,6110,1,0
"2086",1,6,47,54,-23,115000,33600,2330,5310,2250,2070,528,371,1,0
"2087",1,6,61,61,23,683000,121000,42200,15800,15200,23500,4400,3420,1,0
"2088",1,6,66,56,48,406000,149000,16400,51100,22200,21900,5930,3470,1,0
"2089",1,6,41,63,123,438000,205000,66000,45600,28300,9200,2730,2320,1,0
"2090",1,6,47,70,22,297000,32600,2740,17900,6040,6010,5010,2330,1,0
"2091",1,6,60,67,9,7770,5410,1700,3670,8250,5950,4770,8640,1,0
"2092",1,6,53,69,101,153000,87700,23600,21900,7150,6290,7170,4970,1,0
"2093",1,6,56,75,65,116000,101000,73400,24500,15900,8290,5780,3370,1,0
"2094",1,6,50,81,42,3880,25500,23100,29900,14400,3720,3860,4910,1,0
"2095",1,6,37,83,56,119000,60700,13400,21500,33100,13000,3990,3440,1,0
"2096",1,6,30,83,240,118000,64100,22500,12700,11900,2420,1830,1990,1,0
"2097",1,6,43,53,36,420000,137000,1360,2590,16300,23100,10800,8700,1,0
"2098",1,6,37,47,90,57600,33500,23200,3200,3510,1300,1030,649,1,0
"2099",1,6,30,47,305,81500,96800,41900,5220,29700,11100,5710,2330,1,0
"2100",1,6,37,44,-35,526000,22000,4570,3730,2260,1380,918,199,1,0
"2101",1,6,34,87,61,28700,6910,8590,21500,2870,4090,2710,3130,1,0
"2102",1,6,50,88,38,178000,36000,36400,9320,13000,10800,6140,2440,1,0
"2103",1,6,51,88,-142,120000,168000,33200,32200,19300,24200,7270,7130,1,0
"2104",1,6,54,91,29,476000,117000,30600,44400,23200,12400,4650,10200,1,0
"2105",1,6,51,74,76,341000,57000,14500,8170,7500,5010,1190,672,1,0
"2106",1,6,35,60,42,395000,263000,32800,23700,15000,7520,4820,5070,1,0
"2107",1,6,34,54,242,821000,267000,45500,11400,27800,24400,10400,3600,1,0
"2108",1,6,24,40,11,225000,20700,1860,464,1680,711,400,287,1,0
"2109",1,6,27,48,27,10900,18000,20000,12500,25200,4460,2370,5240,1,0
"2110",1,6,43,47,75,108000,34100,3340,4230,5220,4990,973,520,1,0
"2111",1,6,38,54,38,107000,41300,9770,7630,4550,3060,847,1430,1,0
"2112",1,6,56,57,11,249000,54400,8520,1960,4720,14400,7700,2660,1,0
"2113",1,6,57,51,43,1140000,78300,21700,16300,13100,12600,5890,1970,1,0
"2114",1,6,60,63,151,295000,62300,39500,15400,9890,15300,4310,2420,1,0
"2115",1,6,63,66,-41,449000,15200,5610,3910,2310,1910,713,743,1,0
"2116",1,6,43,75,65,134000,77700,22600,6230,9410,2860,705,756,1,0
"2117",1,6,30,60,123,149000,239000,11000,10300,46300,7360,7750,2580,1,0
"2118",1,6,26,57,-25,86400,116000,69800,20700,38000,15400,4960,2220,1,0
"2119",1,6,34,66,67,10800,7660,7830,19200,7090,5010,3190,1510,1,0
"2120",1,6,35,56,57,207000,317000,21200,13500,29200,11900,3210,3410,1,0
"2121",1,6,60,70,16,23300,8150,2070,12200,15100,9650,4460,6110,1,0
"2122",1,6,66,74,51,225000,31300,19200,29500,18200,10500,1490,2020,1,0
"2123",1,6,74,64,397,280000,48900,33400,26600,25400,32300,4870,3020,1,0
"2124",1,6,78,60,22,245000,31300,1130,1400,3600,2000,171,313,1,0
"2125",1,6,67,56,8,275000,106000,4420,31900,7090,22000,1930,2900,1,0
"2126",1,6,63,60,67,273000,38700,33300,47600,21100,9860,6780,4290,1,0
"2127",1,6,48,67,36,109000,59000,89500,9080,7810,8260,3610,2720,1,0
"2128",1,6,44,94,52,232000,20800,12200,29100,8990,2700,1850,462,1,0
"2129",1,6,53,94,-19,34000,8860,575,4350,6490,4810,2810,1390,1,0
"2130",1,6,48,83,23,203000,33000,3350,7100,1980,2230,1140,749,1,0
"2131",1,6,51,67,75,251000,151000,43400,6810,27900,16400,8630,3330,1,0
"2132",1,6,57,57,-7,367000,21600,11300,1450,4260,2760,1100,1870,1,0
"2133",1,6,54,64,12,286000,36100,22800,10400,11700,18100,4460,2160,1,0
"2134",1,6,44,66,-154,274000,148000,44700,9830,13400,3330,1870,1880,1,0
"2135",1,6,38,63,89,1130000,87200,11200,5780,12600,4330,3050,1110,1,0
"2136",1,6,48,67,1,9210,18500,12800,8460,1230,8150,3590,4740,1,0
"2137",1,6,38,69,-11,168000,15100,8250,5640,5560,2450,845,597,1,0
"2138",1,6,54,74,80,188000,109000,59900,6390,13400,17200,7120,2840,1,0
"2139",1,6,51,78,89,106000,42300,11100,2730,1880,1860,293,463,1,0
"2140",1,6,38,69,59,267000,105000,36300,5070,33300,7460,2990,4270,1,0
"2141",1,6,30,67,-237,129000,113000,44200,23700,17200,7080,3040,1120,1,0
"2142",1,6,21,56,108,1980000,241000,29400,14300,24700,10200,5480,5900,1,0
"2143",1,6,24,44,11,245000,86700,6050,1670,13400,3840,1590,1520,1,0
"2144",1,6,30,53,5,14300,14300,19300,9810,22100,5630,2880,2250,1,0
"2145",1,6,47,48,118,87200,40600,7860,9210,4120,9350,9890,5290,1,0
"2146",1,6,53,47,-46,163000,91800,6630,7010,6970,8680,5590,1860,1,0
"2147",1,6,56,67,-51,1600000,164000,106000,50400,21100,17400,6270,4000,1,0
"2148",1,6,57,64,38,21900,34300,6880,20100,8470,8420,5420,6170,1,0
"2149",1,6,53,66,-54,712000,86500,7360,40600,29200,14600,4370,5360,1,0
"2150",1,6,48,74,-55,1020000,335000,72700,39500,17500,22300,4860,2510,1,0
"2151",1,6,56,64,-34,105000,9770,299,3960,3360,1870,1470,938,1,0
"2152",1,6,66,66,-53,636000,12700,4630,23900,14600,18400,2730,1480,1,0
"2153",1,6,70,74,2,26400,13000,3160,21700,8780,7080,2820,5550,1,0
"2154",1,6,70,77,7,491000,62500,9820,20600,10000,4870,9360,2880,1,0
"2155",1,6,54,80,39,871000,183000,55000,31800,13000,6250,4390,2790,1,0
"2156",1,6,40,84,25,44200,27300,17200,17000,2910,5060,6630,5430,1,0
"2157",1,6,26,70,26,1370000,175000,27400,8010,12500,8330,2810,4620,1,0
"2158",1,6,20,70,-151,166000,228000,89200,18400,30900,9450,4930,2490,1,0
"2159",1,6,43,66,25,52000,23900,8320,4220,12600,9300,5910,1470,1,0
"2160",1,6,47,53,76,342000,129000,34500,9330,36900,19500,6910,2860,1,0
"2161",1,6,54,57,123,167000,86200,37100,9560,46500,14600,1900,2110,1,0
"2162",1,6,63,61,-108,1e+05,153000,40600,101000,56300,22400,3010,2510,1,0
"2163",1,6,53,66,-196,2150000,67700,23100,14200,16500,9250,4540,2620,1,0
"2164",1,6,37,74,58,49100,30800,9940,1830,4050,1570,728,1240,1,0
"2165",1,6,27,64,42,71500,37900,6690,1590,646,1070,277,422,1,0
"2166",1,6,24,61,352,794000,445000,149000,30300,35900,49000,22900,20300,1,0
"2167",1,6,23,56,17,584000,73400,16800,8710,9150,4080,8540,3730,1,0
"2168",1,6,35,51,-88,110000,85600,5750,15500,10400,14800,11300,5020,1,0
"2169",1,6,50,51,-421,793000,169000,19000,37200,24500,25400,24300,7450,1,0
"2170",1,6,57,56,3,423000,5920,2630,2930,2880,2080,1070,611,1,0
"2171",1,6,66,48,1,97600,29400,1650,2760,4870,3710,1780,1310,1,0
"2172",1,6,67,61,120,259000,11900,7980,6260,2230,4040,797,1050,1,0
"2173",1,7,44,64,75,245000,18600,12600,23900,8410,9870,9640,7060,1,0
"2174",1,7,41,66,45,610000,522000,144000,37900,19200,38800,26400,19100,1,0
"2175",1,7,63,74,105,433000,50300,23000,17000,32000,18500,16400,8750,1,0
"2176",1,7,69,61,42,13900,22700,11700,9970,26800,14800,6640,3670,1,0
"2177",1,7,77,47,118,111000,150000,7160,6940,34800,20600,7000,6010,1,0
"2178",1,7,87,56,43,167000,3840,2030,8920,2340,4400,2250,810,1,0
"2179",1,7,87,53,107,98300,45300,16900,6290,30300,14200,8730,3830,1,0
"2180",1,7,69,56,-130,218000,70000,40500,29200,79900,9050,3670,2730,1,0
"2181",1,7,69,77,0,93600,39900,14600,19700,16000,9490,3480,3800,1,0
"2182",1,7,57,66,67,151000,25400,3620,9120,5660,3500,1240,748,1,0
"2183",1,7,48,57,5,232000,94500,3410,10000,11700,6260,2200,3900,1,0
"2184",1,7,61,64,-21,113000,10500,10800,9920,4970,9760,3310,4060,1,0
"2185",1,7,61,57,51,970000,550000,33600,171000,142000,91500,16300,18900,1,0
"2186",1,7,81,48,-10,47900,19500,5030,3690,21800,21600,8210,4340,1,0
"2187",1,7,75,60,107,110000,63200,18900,9520,9250,2300,1490,665,1,0
"2188",1,7,63,53,-7,244000,139000,29100,57500,17900,18100,5350,5090,1,0
"2189",1,7,60,51,193,121000,87600,15100,10400,13800,9730,1240,1220,1,0
"2190",1,7,43,53,56,336000,53500,6430,4930,9160,8690,1160,889,1,0
"2191",1,7,70,57,-3,83200,4470,6530,3140,4430,7280,1280,748,1,0
"2192",1,7,74,63,121,107000,6330,3200,4680,2560,1480,1150,937,1,0
"2193",1,7,83,48,34,321000,96800,5490,1520,19900,25400,11000,6090,1,0
"2194",1,7,81,51,-105,497000,33700,7180,6230,15500,4920,6180,9190,1,0
"2195",1,7,67,38,81,329000,138000,10700,13300,15600,21300,4740,3640,1,0
"2196",1,7,77,30,59,60200,5780,7300,8190,29100,5140,5770,4580,1,0
"2197",1,7,78,50,59,66900,42200,7290,17400,14200,21600,3450,4470,1,0
"2198",1,7,81,54,34,240000,26800,7040,8330,9770,6430,4120,2580,1,0
"2199",1,7,81,66,-60,515000,92500,22100,40200,46200,20800,7990,5690,1,0
"2200",1,7,75,70,275,353000,43600,17700,25500,3020,11300,2780,3740,1,0
"2201",1,7,57,75,49,242000,29200,9790,11900,10400,2400,1270,763,1,0
"2202",1,7,53,67,169,320000,20800,3900,2720,9400,2210,592,1080,1,0
"2203",1,7,38,70,-5,79500,67200,26400,15800,9840,3120,1100,340,1,0
"2204",1,7,27,66,11,121000,39700,13500,7150,5640,2680,588,898,1,0
"2205",1,7,20,57,87,293000,561000,81900,46500,24200,13800,3220,2850,1,0
"2206",1,7,27,63,24,716000,28900,2390,18100,17900,9310,3670,4470,1,0
"2207",1,7,37,47,-10,93500,42400,2150,2670,4600,3270,1310,802,1,0
"2208",1,7,34,47,28,220000,30700,12100,4270,5520,1370,788,883,1,0
"2209",1,7,40,50,21,330000,60100,9910,10900,10600,3720,1000,467,1,0
"2210",1,7,23,50,26,376000,55800,16400,8900,4220,2270,800,719,1,0
"2211",1,7,7,47,50,518000,482000,21900,11100,22200,6950,8360,1750,1,0
"2212",1,7,20,51,8,107000,34400,29400,26200,30900,8710,2790,2810,1,0
"2213",1,7,24,53,65,145000,109000,41100,8610,18300,13900,4380,1580,1,0
"2214",1,7,24,56,81,130000,29800,15700,4410,4850,1450,887,535,1,0
"2215",1,7,40,64,27,274000,88300,8360,6080,10200,6620,1810,789,1,0
"2216",1,7,35,56,-69,242000,199000,61800,12500,20900,18200,4630,4340,1,0
"2217",1,7,48,60,-17,57400,6200,2800,6400,6690,6560,4460,2630,1,0
"2218",1,7,75,56,19,1e+05,14700,15700,14300,42000,22100,4050,3880,1,0
"2219",1,7,91,75,73,4180,6360,7100,14400,8760,9340,3140,3900,1,0
"2220",1,7,90,69,72,188000,104000,11500,17000,22600,8050,1250,459,1,0
"2221",1,7,91,61,-13,7940,13400,1780,8180,21700,11000,3230,3810,1,0
"2222",1,7,88,61,73,153000,14600,8890,6690,13800,10400,5030,3010,1,0
"2223",1,7,75,63,16,149000,61500,65900,17100,9620,11400,2600,4050,1,0
"2224",1,7,80,77,155,207000,80300,60900,48200,55700,17200,4760,2760,1,0
"2225",1,7,54,96,115,73300,8710,6030,10000,859,855,581,317,1,0
"2226",1,7,41,84,53,193000,43600,3260,6590,18300,4040,1480,769,1,0
"2227",1,7,37,69,17,87200,38400,3590,5890,8620,2140,505,401,1,0
"2228",1,7,26,60,93,196000,34800,9440,5430,15500,1590,411,738,1,0
"2229",1,7,26,47,-7,114000,59600,24300,3740,5700,2940,748,705,1,0
"2230",1,7,24,57,73,73300,133000,67000,21900,35200,15000,5340,1310,1,0
"2231",1,7,35,70,68,5960,14400,2760,15500,4000,5010,1560,2480,1,0
"2232",1,7,47,77,72,24200,27000,14500,5400,7100,4300,835,493,1,0
"2233",1,7,64,81,0,13200,5020,7410,14800,22600,6710,9690,5370,1,0
"2234",1,7,57,80,40,237000,43500,10100,9940,7020,2330,501,763,1,0
"2235",1,7,60,75,-8,115000,50000,19200,20400,25300,13400,2270,1020,1,0
"2236",1,7,61,64,1,30900,27300,9680,2460,26400,4570,4380,1480,1,0
"2237",1,7,47,64,71,112000,15900,11000,2310,4230,1600,703,470,1,0
"2238",1,7,56,61,36,128000,74800,10500,14200,8710,11300,4360,5220,1,0
"2239",1,7,48,57,53,156000,90000,14700,29300,36200,9040,1350,4580,1,0
"2240",1,7,37,56,-214,194000,241000,16300,29900,13800,8850,5510,4280,1,0
"2241",1,7,29,44,-6,722000,270000,22800,36900,46300,10000,7590,3620,1,0
"2242",1,7,10,47,35,188000,119000,34300,12600,21000,2220,1080,666,1,0
"2243",1,7,7,57,23,176000,21300,7160,27500,7290,2420,1900,902,1,0
"2244",1,7,21,64,16,18200,20400,4430,8870,18500,4950,2800,1660,1,0
"2245",1,7,41,63,10,217000,49600,5490,8790,20200,16400,6780,3810,1,0
"2246",1,7,44,63,2,309000,178000,51200,6310,4100,4430,4070,2510,1,0
"2247",1,7,50,56,45,243000,55400,21200,24300,19600,7070,2390,2880,1,0
"2248",1,7,53,57,4,195000,14500,6240,4000,6450,4770,635,347,1,0
"2249",1,7,44,75,168,30700,54300,30900,30000,10200,15300,6030,1940,1,0
"2250",1,7,54,57,153,803000,56200,4090,811,9170,2950,2570,314,1,0
"2251",1,7,54,35,21,577000,117000,1000,6430,24600,9700,7970,6620,1,0
"2252",1,7,56,41,-225,137000,38400,57300,1690,15600,21600,7000,6870,1,0
"2253",1,7,47,16,6,1150000,295000,6590,15000,26000,14100,5260,2230,1,0
"2254",1,7,48,47,27,105000,90300,134000,25500,5570,13700,5230,3370,1,0
"2255",1,7,64,67,35,14300,7160,7030,5520,14400,9490,2900,3930,1,0
"2256",1,7,64,56,60,113000,8630,2060,2050,4280,2750,518,1120,1,0
"2257",1,7,74,78,27,64500,10500,838,7630,3460,2110,1540,686,1,0
"2258",1,7,75,61,29,346000,153000,32400,14700,24500,11600,2990,1640,1,0
"2259",1,7,47,67,-194,163000,55600,24200,22500,5100,2640,1480,1500,1,0
"2260",1,7,17,53,5,742000,369000,19400,7200,9670,3720,4680,5130,1,0
"2261",1,7,8,48,-89,337000,824000,142000,134000,23500,41000,36800,27800,1,0
"2262",1,7,16,47,-274,804000,79000,9980,10800,9340,16100,12400,7710,1,0
"2263",1,7,29,44,49,775000,259000,70900,227000,141000,64200,119000,51000,1,0
"2264",1,7,53,57,66,52600,28300,5740,3460,6950,4320,1830,1600,1,0
"2265",1,7,64,63,107,1450000,47300,30900,10900,20000,10700,11400,15300,1,0
"2266",1,7,57,81,-21,712000,84700,142000,66300,31900,21500,33600,8780,1,0
"2267",1,7,43,61,49,1480000,412000,17900,16700,6970,9630,10800,6640,1,0
"2268",1,7,35,63,125,675000,203000,61200,8330,20700,13700,38000,16900,1,0
"2269",1,7,29,61,1,571000,37600,14400,6430,6870,4310,7670,3560,1,0
"2270",1,7,37,61,38,224000,6970,16700,1070,2540,3480,1450,614,1,0
"2271",1,7,53,88,449,843000,40400,13400,67000,20900,17900,4640,4380,1,0
"2272",1,7,61,94,-299,979000,48000,32600,14700,9110,10300,9080,3280,1,0
"2273",1,7,63,94,72,975000,69200,14600,24000,9040,9820,6290,3590,1,0
"2274",1,7,75,74,88,293000,19900,1530,6160,16600,13500,4290,14500,1,0
"2275",1,7,77,64,-34,78600,118000,63900,13900,12400,36100,6370,3790,1,0
"2276",1,7,77,69,-237,29500,27800,20000,29400,15700,8130,5380,5610,1,0
"2277",1,7,69,80,48,3390000,84100,135000,52800,35500,12400,6640,4380,1,0
"2278",1,7,64,91,71,397000,14200,20300,17400,54100,14100,7260,3110,1,0
"2279",1,7,50,80,10,349000,269000,27700,20700,37100,12500,4550,2150,1,0
"2280",1,7,50,63,361,1080000,513000,35800,86300,15600,69300,29800,26300,1,0
"2281",1,7,53,56,-213,1250000,312000,252000,89400,170000,35500,81900,47500,1,0
"2282",1,7,48,61,-58,1480000,142000,128000,95800,50600,55300,121000,30400,1,0
"2283",1,7,53,66,-138,889000,355000,59700,31100,17300,29100,42900,20300,1,0
"2284",1,7,53,84,22,902000,14400,23900,9500,10600,5380,11600,3430,1,0
"2285",1,7,56,80,16,455000,99000,52900,18300,66800,15900,8620,7620,1,0
"2286",1,7,48,66,39,2670000,195000,30800,22200,15900,14500,7400,2190,1,0
"2287",1,7,51,53,51,693000,173000,8580,4280,15200,19700,7140,5450,1,0
"2288",1,7,57,43,-27,852000,53600,17800,16300,14300,17300,8520,5890,1,0
"2289",1,7,50,30,-215,874000,226000,17100,13900,45500,10600,11400,4400,1,0
"2290",1,7,54,40,-4,825000,47000,17600,14000,6910,7460,3900,2200,1,0
"2291",1,7,57,53,59,12500,36200,908,17100,22400,9180,5700,5450,1,0
"2292",1,7,48,51,-234,112000,99100,31800,4950,5810,8360,1860,1200,1,0
"2293",1,7,43,53,-8,1990000,577000,50100,46100,44900,17400,5300,8060,1,0
"2294",1,7,34,37,-85,997000,659000,48400,25200,38800,23700,3500,3380,1,0
"2295",1,8,67,74,-23,1520000,342000,269000,56900,27600,66100,23700,31700,1,0
"2296",1,8,57,66,102,586000,128000,36000,20000,18900,14000,6030,5950,1,0
"2297",1,8,57,60,24,307000,130000,27900,9200,7350,4370,5120,3750,1,0
"2298",1,8,40,70,-123,149000,319000,125000,74900,18600,40800,4040,23300,1,0
"2299",1,8,53,69,17,37000,14700,8080,12700,4240,17800,12800,8470,1,0
"2300",1,8,50,67,71,212000,42400,5710,9030,6270,2880,4010,2370,1,0
"2301",1,8,80,70,43,11000,9840,11400,8010,21000,17600,5730,6980,1,0
"2302",1,8,90,61,243,32500,17800,1420,4150,4080,5380,2940,494,1,0
"2303",1,8,74,57,122,99500,10300,1980,3620,1890,1340,390,508,1,0
"2304",1,8,84,69,2,16900,10400,5750,14900,5080,5830,4070,4940,1,0
"2305",1,8,57,64,38,99000,101000,25700,3970,4610,4320,1880,862,1,0
"2306",1,8,38,66,153,744000,375000,16700,71600,23200,14300,8390,10000,1,0
"2307",1,8,37,54,1,143000,7840,949,586,3410,744,316,439,1,0
"2308",1,8,20,50,22,1e+05,103000,70300,18100,19400,5440,8390,9560,1,0
"2309",1,8,34,63,53,186000,4560,8330,3100,4800,2540,5300,868,1,0
"2310",1,8,38,66,54,123000,67200,18500,1190,2630,3840,946,1020,1,0
"2311",1,8,43,81,17,21900,27800,7640,18100,5900,6490,2790,2440,1,0
"2312",1,8,53,77,77,405000,50000,25500,1730,20200,7360,1860,4510,1,0
"2313",1,8,60,69,41,4670,13300,9980,18500,24800,11700,1910,1930,1,0
"2314",1,8,64,81,-25,1380000,223000,167000,68200,31100,38500,5720,8240,1,0
"2315",1,8,61,80,-190,32800,49400,29800,17000,16800,7870,4250,3990,1,0
"2316",1,8,56,63,24,1610000,225000,5080,11300,43500,12900,6810,5960,1,0
"2317",1,8,48,53,24,230000,29400,3160,6630,14100,4590,1310,733,1,0
"2318",1,8,57,43,72,13800,17400,3650,6500,8990,6350,2660,2710,1,0
"2319",1,8,66,40,13,1010000,30800,12300,10900,8350,12600,4170,3800,1,0
"2320",1,8,67,54,41,145000,32100,8360,1360,4580,2730,1470,1080,1,0
"2321",1,8,61,57,-280,96400,79500,14200,14300,4870,5840,841,1050,1,0
"2322",1,8,51,61,34,2090000,93500,20500,30400,12100,11800,4010,5870,1,0
"2323",1,8,48,61,37,6480,40800,4520,25300,11500,11200,5800,3910,1,0
"2324",1,8,47,69,11,146000,34400,17000,7240,6560,3230,1930,1320,1,0
"2325",1,8,56,78,-182,30100,55100,42000,24700,24400,19200,5780,5510,1,0
"2326",1,8,53,70,-13,1470000,189000,28500,27900,54800,13700,6210,4220,1,0
"2327",1,8,60,67,152,6580,10700,5180,8110,17500,7060,6360,2910,1,0
"2328",1,8,51,63,444,185000,93100,13400,18600,5020,2660,1190,887,1,0
"2329",1,8,38,51,42,141000,19400,3230,2230,2540,1040,1060,365,1,0
"2330",1,8,43,51,-153,390000,90900,12000,13700,28500,10300,7450,2040,1,0
"2331",1,8,35,57,26,203000,77500,61400,35100,32300,20700,5790,4470,1,0
"2332",1,8,63,51,42,6070,23400,1090,12100,32700,14400,5640,4880,1,0
"2333",1,8,63,54,18,267000,54100,15600,7750,9030,3780,1150,803,1,0
"2334",1,8,61,54,16,258000,127000,4770,24400,9720,11400,5240,5240,1,0
"2335",1,8,74,53,89,14400,9680,5480,8520,6930,8600,4950,4880,1,0
"2336",1,8,48,60,61,78400,53200,20300,4720,14700,2240,1050,667,1,0
"2337",1,8,64,63,-26,5890,16500,2290,12300,4310,11000,4770,7560,1,0
"2338",1,8,83,70,81,4970,8820,7030,7270,10300,13100,3280,9750,1,0
"2339",1,8,67,51,55,104000,179000,7690,9340,20600,14000,11300,3280,1,0
"2340",1,8,93,61,25,24500,4660,9470,6560,4930,7800,1980,12300,1,0
"2341",1,8,75,41,23,772000,231000,2240,15400,25100,11500,5810,5340,1,0
"2342",1,8,53,40,-25,429000,220000,58700,41700,26300,17200,7450,4430,1,0
"2343",1,8,57,60,0,33300,37100,26000,12300,17800,9910,6600,7840,1,0
"2344",1,8,40,54,-196,101000,224000,152000,12000,38700,21100,9560,6020,1,0
"2345",1,8,35,57,18,1310000,354000,25800,5260,21700,7980,3530,11300,1,0
"2346",1,8,50,56,12,3580,8220,5250,5720,18600,6630,2220,4570,1,0
"2347",1,8,61,51,84,3400,13700,11700,6040,28200,13500,4610,3260,1,0
"2348",1,8,66,38,49,198000,37300,1080,6530,4570,3990,1860,707,1,0
"2349",1,8,91,57,29,5170,9380,8910,12600,9580,12600,2380,2860,1,0
"2350",1,8,87,53,4,96400,18000,1390,3670,3970,3980,577,781,1,0
"2351",1,8,77,51,101,490000,298000,52400,43300,13100,53500,3040,5240,1,0
"2352",1,8,74,66,-180,71100,67400,40600,27800,12800,10200,3950,10400,1,0
"2353",1,8,50,57,43,570000,122000,18300,24700,27200,5540,5630,4170,1,0
"2354",1,8,41,57,-105,210000,167000,18400,23600,34400,14600,3340,5240,1,0
"2355",1,8,37,60,-69,113000,175000,44500,20100,24200,15700,3650,6760,1,0
"2356",1,8,30,44,-1,1500000,51400,4620,6830,7760,2730,1960,1320,1,0
"2357",1,8,41,48,109,471000,172000,60900,20000,24600,26100,9780,6870,1,0
"2358",1,8,48,63,237,3340,32200,10500,27800,5670,10600,4750,4700,1,0
"2359",1,8,38,53,-28,222000,22500,1520,1060,1080,677,617,411,1,0
"2360",1,8,43,74,54,297000,52700,109000,13800,27300,11700,5910,2150,1,0
"2361",1,8,37,61,-154,730000,395000,24000,28000,62500,16600,8370,6130,1,0
"2362",1,8,44,56,73,156000,11900,11100,12100,16400,15100,8560,2220,1,0
"2363",1,8,47,66,405,2e+05,29100,7300,4260,10300,1130,1460,1390,1,0
"2364",1,8,38,63,-22,1030000,58200,32600,38600,12600,4030,2140,3160,1,0
"2365",1,8,44,83,102,1370000,53000,75100,29200,60100,11800,5530,6920,1,0
"2366",1,8,38,83,185,18900,33800,24300,18300,21700,17300,5020,8560,1,0
"2367",1,8,50,91,71,1620000,47000,18300,31100,16500,9100,3670,3520,1,0
"2368",1,8,66,91,43,157000,4910,4260,5260,4230,3070,1520,955,1,0
"2369",1,8,63,87,102,125000,95800,29300,20800,10700,7540,4110,3360,1,0
"2370",1,8,66,88,34,3250,17800,18000,15900,12700,15200,4350,5310,1,0
"2371",1,8,66,80,38,162000,44000,10300,5720,7840,6440,592,1350,1,0
"2372",1,8,78,67,-141,19400,13500,6380,4850,8810,15400,2770,3500,1,0
"2373",1,8,80,66,16,787000,109000,2460,52700,19600,11900,6140,4900,1,0
"2374",1,8,63,56,107,170000,25600,7850,2530,5960,1730,643,1280,1,0
"2375",1,8,47,48,-278,207000,175000,6730,14800,3290,3250,969,1020,1,0
"2376",1,8,27,51,64,1150000,146000,23200,47500,11500,16900,2270,1360,1,0
"2377",1,8,27,51,18,112000,64100,8490,20300,17600,6370,4340,2800,1,0
"2378",1,8,29,60,57,119000,72000,48700,18900,22900,9110,5840,3540,1,0
"2379",1,8,41,84,192,184000,23200,7140,26100,1820,2850,700,1340,1,0
"2380",1,8,44,74,55,151000,61800,8440,6220,27500,9650,4080,1980,1,0
"2381",1,8,38,74,52,350000,162000,57200,33200,109000,9560,6860,2810,1,0
"2382",1,8,44,67,67,15800,20500,3970,18100,24600,5410,8010,3660,1,0
"2383",1,8,48,60,41,384000,75100,15200,38900,12400,9370,6090,2470,1,0
"2384",1,8,40,64,86,396000,70200,13500,5590,6520,4040,1240,951,1,0
"2385",1,8,60,67,147,13500,18600,15900,18100,46000,15500,3190,6270,1,0
"2386",1,8,56,61,1,233000,14900,2640,1640,2640,1590,1780,1110,1,0
"2387",1,8,57,54,121,186000,62100,14100,7770,8530,9210,8340,2280,1,0
"2388",1,8,63,63,98,289000,143000,58100,42900,10900,19500,42300,4670,1,0
"2389",1,8,53,64,-114,385000,54100,25300,24100,17600,10200,5070,13500,1,0
"2390",1,8,57,67,0,1e+06,85200,17400,16500,14600,17100,9720,5120,1,0
"2391",1,8,60,75,131,1370000,226000,27000,122000,17100,41200,11200,31200,1,0
"2392",1,8,56,74,-2,1630000,119000,22000,57300,20500,11800,21200,10600,1,0
"2393",1,8,48,61,-35,122000,233000,20700,32600,40800,12800,3970,3740,1,0
"2394",1,8,38,48,9,214000,149000,5250,9770,24600,7630,5420,3380,1,0
"2395",1,8,47,50,153,202000,7990,371,11800,2420,6100,1180,1940,1,0
"2396",1,8,54,60,49,135000,8170,26900,5160,11200,5270,2700,772,1,0
"2397",1,8,50,63,17,637000,155000,34000,9240,4540,6110,4320,1360,1,0
"2398",1,8,60,83,5,13600,34300,13300,19200,11300,8800,3390,1870,1,0
"2399",1,8,54,80,71,540000,98300,25700,42100,26200,29200,27300,3410,1,0
"2400",1,8,38,53,28,1610000,618000,46700,7850,15000,16300,37300,16100,1,0
"2401",1,8,61,61,80,6170,19100,28200,25500,49400,25000,11400,5710,1,0
"2402",1,8,47,53,12,709000,62900,8350,9400,3200,1750,1490,1060,1,0
"2403",1,8,44,47,130,271000,57900,7730,19400,37900,12900,3990,6930,1,0
"2404",1,8,57,69,57,27800,48600,18500,45500,14700,13100,3820,6510,1,0
"2405",1,8,41,60,-222,125000,173000,37100,7280,8630,12600,3590,1790,1,0
"2406",1,8,51,67,44,741000,91700,22100,54000,45000,9640,6060,4100,1,0
"2407",1,8,43,60,64,175000,40300,4890,3010,19800,2930,1240,796,1,0
"2408",1,8,43,48,11,6960,47600,7820,13500,27000,9050,5080,5390,1,0
"2409",1,8,40,51,105,95200,39100,8330,6190,5740,2050,808,701,1,0
"2410",1,8,37,57,-289,337000,168000,167000,47900,54400,15900,5580,1720,1,0
"2411",1,8,41,77,42,1390000,114000,7830,118000,26700,25300,12900,8810,1,0
"2412",1,8,26,69,41,178000,67100,8320,1200,4110,1690,1940,1460,1,0
"2413",1,8,29,54,-38,109000,27700,1480,1470,5630,1740,2330,1940,1,0
"2414",1,8,47,44,97,404000,97100,17000,31800,21400,36100,16300,26100,1,0
"2415",1,8,35,35,-165,116000,62400,10200,13200,4770,2510,1020,737,1,0
"2416",1,8,56,53,65,101000,7520,4220,8570,3760,4930,729,2080,1,0
"2417",1,8,64,61,518,306000,29700,2370,5780,10800,6100,1090,1040,1,0
"2418",1,8,47,60,22,250000,29400,7910,1760,2270,1280,684,377,1,0
"2419",1,8,57,64,42,288000,39700,32700,6810,22400,9100,8190,4280,1,0
"2420",1,8,37,66,44,230000,30300,28200,11700,10700,1760,231,355,1,0
"2421",1,8,37,74,-130,168000,8890,3880,2420,6800,1960,903,1560,1,0
"2422",1,8,40,81,70,709000,102000,41400,25700,8020,7460,5660,2120,1,0
"2423",1,8,26,54,-68,123000,218000,4230,6240,45000,6650,1360,2400,1,0
"2424",1,8,41,44,65,31200,16800,4680,8460,18300,3680,3090,3970,1,0
"2425",1,8,30,41,422,215000,248000,50100,32400,42300,15500,1820,2800,1,0
"2426",1,9,53,61,-108,403000,155000,7690,16900,6700,9020,12800,7650,1,0
"2427",1,9,56,56,-504,1620000,166000,226000,84600,148000,60000,43100,38600,1,0
"2428",1,9,51,67,119,723000,40900,56900,38600,48400,10900,17400,5840,1,0
"2429",1,9,43,64,-27,427000,85800,19200,6360,5610,5540,10600,14400,1,0
"2430",1,9,48,77,67,1210000,285000,56200,71400,17800,37900,33800,25300,1,0
"2431",1,9,40,57,121,931000,125000,11800,10200,7070,7600,7340,3410,1,0
"2432",1,9,51,54,34,91400,44100,29000,58200,46500,39600,8470,9050,1,0
"2433",1,9,64,56,58,371000,40300,9100,15100,15400,13000,7630,5360,1,0
"2434",1,9,64,64,-14,595000,132000,127000,21300,20200,28400,24200,7540,1,0
"2435",1,9,88,75,88,4980,16800,12800,18800,24400,30600,17200,12500,1,0
"2436",1,9,61,63,80,463000,166000,19700,14900,23200,3160,3220,2760,1,0
"2437",1,9,60,70,-241,69300,58500,79100,17000,42500,24200,11800,3810,1,0
"2438",1,9,57,57,60,2030000,90100,11000,29000,48900,9640,14100,7740,1,0
"2439",1,9,51,56,102,126000,17900,4650,10700,14300,12100,17100,2090,1,0
"2440",1,9,61,64,19,115000,64200,27100,11800,17600,5590,1180,1510,1,0
"2441",1,9,57,63,-14,457000,59200,24700,17000,2300,11200,2680,7050,1,0
"2442",1,9,77,60,10,13800,20800,4990,2950,11500,16300,5810,6370,1,0
"2443",1,9,66,51,33,260000,48300,2890,8450,13300,5980,6530,10500,1,0
"2444",1,9,81,57,25,2200,12700,19400,25200,18100,15300,5700,6220,1,0
"2445",1,9,84,60,86,445000,16500,28200,15400,37700,8720,8210,3720,1,0
"2446",1,9,77,69,97,444000,41000,18600,15200,18600,18300,4960,2660,1,0
"2447",1,9,66,81,74,98700,229000,86700,45700,14800,12600,8340,3170,1,0
"2448",1,9,66,77,16,27800,8830,13600,7100,16900,7460,3900,2780,1,0
"2449",1,9,74,81,106,173000,1200,9300,2050,7140,3940,2730,677,1,0
"2450",1,9,53,84,64,81600,46500,30300,5630,6660,2410,1170,371,1,0
"2451",1,9,60,67,27,166000,162000,5620,15500,38500,12400,6440,2970,1,0
"2452",1,9,43,61,-301,210000,253000,70500,13500,54900,12700,5220,1520,1,0
"2453",1,9,17,48,56,2410000,270000,25400,71700,28400,8700,5060,4630,1,0
"2454",1,9,20,38,58,152000,35500,2040,8090,6560,1420,1070,262,1,0
"2455",1,9,20,47,42,1250000,183000,26000,35900,50500,15900,3080,4790,1,0
"2456",1,9,20,57,-54,18600,33000,24500,21900,18600,2990,5030,2660,1,0
"2457",1,9,30,64,333,26400,36500,16700,18800,16900,5780,3720,2640,1,0
"2458",1,9,27,64,22,320000,24200,1780,5090,3150,780,235,132,1,0
"2459",1,9,17,66,11,365000,298000,59200,38300,21400,9000,6540,3190,1,0
"2460",1,9,21,50,-343,117000,142000,19200,7110,18500,8360,4330,1770,1,0
"2461",1,9,17,41,85,710000,67500,10100,11000,6050,4930,4350,1410,1,0
"2462",1,9,35,44,67,23700,24300,10200,4130,17200,5800,3000,2450,1,0
"2463",1,9,57,38,2,62900,8890,1260,1650,9440,3200,1270,584,1,0
"2464",1,9,64,48,85,13200,40600,3770,11200,10700,8310,2290,3010,1,0
"2465",1,9,75,56,82,8480,3460,2560,9100,4940,6840,1170,1840,1,0
"2466",1,9,69,66,108,139000,17500,6720,3560,5900,4180,2210,1570,1,0
"2467",1,9,96,53,-3,25600,25400,7540,7810,66600,22900,5070,5450,1,0
"2468",1,9,84,69,48,57100,35100,23100,46600,18800,5350,4400,2300,1,0
"2469",1,9,75,74,-21,3320,7690,7000,8050,2630,3510,2710,7130,1,0
"2470",1,9,66,53,67,75900,160000,2500,7080,16600,10800,2470,3530,1,0
"2471",1,9,54,70,-27,124000,4450,9940,5780,11700,3270,799,756,1,0
"2472",1,9,67,61,48,216000,6570,2560,2670,3150,2920,1150,1170,1,0
"2473",1,9,57,44,84,84100,333000,23600,57400,17800,16400,6990,2560,1,0
"2474",1,9,67,67,44,16300,16400,1740,16800,9800,6780,4910,3310,1,0
"2475",1,9,70,63,6,436000,18200,6790,9640,9890,7980,1810,4070,1,0
"2476",1,9,50,63,24,109000,80400,34500,5900,4100,2930,1100,565,1,0
"2477",1,9,43,61,55,216000,145000,19200,7580,7440,3510,769,743,1,0
"2478",1,9,40,53,88,77000,63100,6970,15500,26100,11600,1840,1010,1,0
"2479",1,9,20,54,53,124000,50500,13100,25300,12300,2260,657,616,1,0
"2480",1,9,21,44,-153,1230000,455000,20200,84100,47900,18400,5350,6950,1,0
"2481",1,9,35,57,153,941000,54200,13500,38500,26300,7760,2950,1090,1,0
"2482",1,9,17,56,115,127000,306000,19400,41800,20900,8620,6280,1820,1,0
"2483",1,9,34,57,-3,220000,63700,64900,4530,17000,19300,13000,5090,1,0
"2484",1,9,40,56,101,361000,248000,52800,5720,79600,19500,3980,1990,1,0
"2485",1,9,41,67,51,9880,22400,46800,18900,7700,8410,2460,843,1,0
"2486",1,9,48,80,51,118000,104000,58600,39700,36700,10200,9870,2790,1,0
"2487",1,9,54,75,241,27300,28700,7950,24300,30800,15900,3460,2150,1,0
"2488",1,9,50,78,120,62400,83900,19700,5080,12600,4590,740,618,1,0
"2489",1,9,43,66,5,76400,71900,33100,24600,22400,6430,3660,3840,1,0
"2490",1,9,44,64,433,248000,175000,85000,22400,45600,16300,4100,3540,1,0
"2491",1,9,35,56,-34,667000,78900,9860,10100,18700,8330,2930,1400,1,0
"2492",1,9,60,60,68,18600,15600,3340,15000,11400,22600,3020,2380,1,0
"2493",1,9,77,61,69,30000,8190,9210,7620,11900,6700,5710,3370,1,0
"2494",1,9,75,61,65,179000,32000,14900,4450,10300,2650,787,364,1,0
"2495",1,9,74,64,17,264000,40200,5590,7780,6130,3510,919,652,1,0
"2496",1,9,48,66,10,6980,49100,13300,17100,23800,3730,3550,1080,1,0
"2497",1,9,30,64,85,1810000,278000,112000,91800,83300,19100,4500,3690,1,0
"2498",1,9,38,57,-8,23600,34600,2160,16500,37400,6290,2020,3580,1,0
"2499",1,9,48,57,87,146000,47200,8310,13100,5280,13400,1170,680,1,0
"2500",1,9,60,60,9,42200,43900,1630,34400,26800,12500,2300,3110,1,0
"2501",1,9,69,60,34,27800,13200,2720,8840,4760,3130,1630,1040,1,0
"2502",1,9,75,75,132,32400,8130,9020,24000,14400,7220,1280,4950,1,0
"2503",1,9,54,70,-2,63700,97600,19100,2930,9050,2570,807,540,1,0
"2504",1,9,41,75,6,35600,85900,19200,56200,26600,6870,11000,5390,1,0
"2505",1,9,50,70,19,37900,26400,13500,5270,13900,13000,2530,3160,1,0
"2506",1,9,40,63,52,4450,18400,14200,5440,10300,2480,2690,2360,1,0
"2507",1,9,41,60,-216,302000,125000,5580,12500,11900,3980,802,909,1,0
"2508",1,9,37,44,37,473000,205000,8740,21500,11100,6270,3800,1220,1,0
"2509",1,9,13,43,65,110000,113000,31900,3350,4950,2910,1100,790,1,0
"2510",1,9,16,44,77,117000,21900,16200,9990,7860,4590,2360,2820,1,0
"2511",1,9,23,53,107,112000,33300,10300,2810,8440,3070,997,1240,1,0
"2512",1,9,38,67,17,6400,11600,10400,10500,18600,4330,2300,4070,1,0
"2513",1,9,38,70,4,251000,367000,18300,168000,45100,9500,5350,3240,1,0
"2514",1,9,30,74,-167,59100,82500,58100,26900,18500,7650,2120,1920,1,0
"2515",1,9,34,78,-49,1610000,84100,45300,29700,36400,13100,2960,2800,1,0
"2516",1,9,34,67,-215,58300,223000,37400,21200,39300,39000,2690,1630,1,0
"2517",1,9,41,69,-1,595000,249000,131000,52700,49600,17200,7000,3430,1,0
"2518",1,9,44,64,77,110000,41100,12400,16000,11200,4810,4090,3490,1,0
"2519",1,9,37,64,48,104000,55400,26400,5970,5790,3020,1430,550,1,0
"2520",1,9,30,57,9,54200,103000,1850,11700,29100,9050,3600,3250,1,0
"2521",1,9,30,57,-166,158000,43800,13900,17700,6960,3120,2120,547,1,0
"2522",1,9,29,48,38,119000,86400,4470,15700,18000,6530,3210,2390,1,0
"2523",1,9,41,54,50,98000,13000,15500,11700,9910,4170,1220,428,1,0
"2524",1,9,50,61,201,32600,32500,2690,10700,27200,8420,2210,2470,1,0
"2525",1,9,44,53,56,1050000,266000,71200,13800,24300,7580,5910,1790,1,0
"2526",1,9,47,60,50,134000,83000,16400,18300,23200,8870,1140,2070,1,0
"2527",1,9,35,63,35,543000,75000,97100,51100,32600,6770,5260,1900,1,0
"2528",1,9,17,75,40,55300,21900,9670,8030,2180,1290,388,280,1,0
"2529",1,9,24,67,-73,259000,77800,4430,7730,5460,3600,1330,541,1,0
"2530",1,9,17,77,-7,13600,76300,17600,44500,22400,5070,3950,1450,1,0
"2531",1,9,27,69,188,97400,23000,17600,13200,12300,5810,1290,812,1,0
"2532",1,9,41,61,-8,180000,4740,750,2450,4700,984,939,612,1,0
"2533",1,9,48,74,117,50800,37600,8700,17000,13800,6660,4070,2850,1,0
"2534",1,9,61,67,41,146000,33900,14000,16000,24900,9050,2260,2130,1,0
"2535",1,9,48,64,-211,122000,159000,83200,20400,30300,6590,4380,4350,1,0
"2536",1,9,38,74,36,995000,110000,15600,83300,24100,8600,5330,3500,1,0
"2537",1,9,37,74,70,54300,62300,17400,14400,5510,7930,1640,5630,1,0
"2538",1,9,27,64,-21,263000,197000,31800,11200,14200,13000,2600,2980,1,0
"2539",1,9,37,56,3,121000,63100,12400,3210,5610,4160,1360,833,1,0
"2540",1,9,41,54,82,66700,52700,19700,13600,6300,6310,4560,3390,1,0
"2541",1,9,38,48,-263,1210000,315000,52200,38500,40400,24300,6800,2870,1,0
"2542",1,9,48,60,-6,791000,25800,8050,23000,19600,9190,1670,1180,1,0
"2543",1,9,43,60,28,516000,296000,47600,36100,69900,12600,26600,13400,1,0
"2544",1,9,41,63,1,123000,48100,23400,13600,3290,5170,2250,960,1,0
"2545",1,9,48,69,43,74900,18900,11600,19300,35000,5730,2460,1030,1,0
"2546",1,9,47,70,99,66800,32300,26900,15200,15700,11200,12700,4140,1,0
"2547",1,9,54,81,-2,237000,134000,68000,22000,6170,18200,22200,7280,1,0
"2548",1,9,63,67,-25,242000,75400,17000,11500,32800,16700,11800,3330,1,0
"2549",1,9,61,53,-103,1310000,189000,12700,12500,30500,21000,12300,2720,1,0
"2550",1,9,53,51,68,2500000,195000,71600,120000,81700,18000,5060,2320,1,0
"2551",1,9,60,50,40,18400,23100,14200,3030,12000,7410,1060,1190,1,0
"2552",1,9,56,57,184,185000,57400,34000,31800,53000,15600,2630,2050,1,0
"2553",1,9,54,60,49,263000,54200,3740,4430,9890,4740,1750,1890,1,0
"2554",1,9,51,60,51,1350,43000,29600,49400,73500,3770,2380,2140,1,0
"2555",1,9,40,63,13,503000,98600,35000,51300,27800,10800,1200,4510,1,0
"2556",1,9,38,70,-12,15300,3900,12400,11500,13300,2990,1970,1660,1,0
"2557",1,9,51,70,33,667000,50400,6570,4370,24400,22500,5290,2060,1,0
"2558",1,9,60,75,64,68700,16900,21200,3930,6950,3250,2240,1530,1,0
"2559",1,9,70,78,40,17600,7890,2960,14000,11100,4770,1600,2210,1,0
"2560",1,9,75,69,55,307000,64000,29300,23000,14600,16600,2530,1430,1,0
"2561",1,9,70,81,57,4540,20600,8590,7810,17300,9310,2280,2100,1,0
"2562",1,9,77,75,64,645000,44600,25900,15600,30500,9670,3060,2330,1,0
